/*
SQLyog Ultimate v10.00 Beta1
MySQL - 5.5.5-10.1.37-MariaDB : Database - messenger
*********************************************************************
*/

/*!40101 SET NAMES utf8 */;

/*!40101 SET SQL_MODE=''*/;

/*!40014 SET @OLD_UNIQUE_CHECKS=@@UNIQUE_CHECKS, UNIQUE_CHECKS=0 */;
/*!40014 SET @OLD_FOREIGN_KEY_CHECKS=@@FOREIGN_KEY_CHECKS, FOREIGN_KEY_CHECKS=0 */;
/*!40101 SET @OLD_SQL_MODE=@@SQL_MODE, SQL_MODE='NO_AUTO_VALUE_ON_ZERO' */;
/*!40111 SET @OLD_SQL_NOTES=@@SQL_NOTES, SQL_NOTES=0 */;
/*Table structure for table `answerable_messages` */

DROP TABLE IF EXISTS `answerable_messages`;

CREATE TABLE `answerable_messages` (
  `id` int(10) unsigned NOT NULL AUTO_INCREMENT,
  `parent_id` int(10) unsigned DEFAULT NULL,
  `template_id` int(10) unsigned DEFAULT NULL,
  `template_params` text COLLATE utf8mb4_unicode_ci,
  `state` enum('waiting','answered','bot_simple','user_simple','user_answer') COLLATE utf8mb4_unicode_ci DEFAULT NULL,
  `type` varchar(191) COLLATE utf8mb4_unicode_ci DEFAULT 'text',
  `answer` text COLLATE utf8mb4_unicode_ci,
  `file_json` text COLLATE utf8mb4_unicode_ci,
  `file_path` text COLLATE utf8mb4_unicode_ci,
  `message_params` text COLLATE utf8mb4_unicode_ci,
  `channel` enum('telegram','viber','whatsapp','vk','sms','email','fb') COLLATE utf8mb4_unicode_ci DEFAULT NULL,
  `bot_username` varchar(191) COLLATE utf8mb4_unicode_ci DEFAULT NULL,
  `created_at` timestamp NULL DEFAULT NULL,
  `updated_at` timestamp NULL DEFAULT NULL,
  `message_id` varchar(191) COLLATE utf8mb4_unicode_ci DEFAULT NULL,
  `chat_id` varchar(191) COLLATE utf8mb4_unicode_ci DEFAULT NULL,
  `chat_user_id` varchar(191) COLLATE utf8mb4_unicode_ci DEFAULT NULL,
  `seen` tinyint(1) NOT NULL DEFAULT '0',
  PRIMARY KEY (`id`),
  KEY `answerable_messages_template_id_foreign` (`template_id`),
  KEY `answerable_messages_parent_id_foreign` (`parent_id`),
  CONSTRAINT `answerable_messages_parent_id_foreign` FOREIGN KEY (`parent_id`) REFERENCES `answerable_messages` (`id`),
  CONSTRAINT `answerable_messages_template_id_foreign` FOREIGN KEY (`template_id`) REFERENCES `templates` (`id`)
) ENGINE=InnoDB AUTO_INCREMENT=690 DEFAULT CHARSET=utf8mb4 COLLATE=utf8mb4_unicode_ci;

/*Data for the table `answerable_messages` */

insert  into `answerable_messages`(`id`,`parent_id`,`template_id`,`template_params`,`state`,`type`,`answer`,`file_json`,`file_path`,`message_params`,`channel`,`bot_username`,`created_at`,`updated_at`,`message_id`,`chat_id`,`chat_user_id`,`seen`) values (1,NULL,4,NULL,'waiting','text',NULL,NULL,NULL,'null','viber','111','2019-01-17 08:35:15','2019-01-17 12:31:42','4912661846655238145','01234567890A=',NULL,1),(2,NULL,NULL,NULL,'bot_simple','text','eewrewre',NULL,NULL,NULL,'telegram','webkolghoz_bot','2019-01-24 10:31:50','2019-01-25 10:29:09',NULL,'436803671',NULL,1),(3,NULL,NULL,NULL,'user_simple','text','dfgdfgd',NULL,NULL,NULL,'telegram','webkolghoz_bot','2019-01-24 10:32:00','2019-01-25 10:29:09',NULL,'436803671',NULL,1),(4,NULL,NULL,NULL,'bot_simple','text','asdasd',NULL,NULL,NULL,'telegram','webkolghoz_bot','2019-01-24 10:43:13','2019-01-25 10:29:09',NULL,'436803671',NULL,1),(5,NULL,NULL,NULL,'user_simple','text','sfsdf',NULL,NULL,NULL,'telegram','webkolghoz_bot','2019-01-24 10:51:20','2019-01-25 10:29:09',NULL,'436803671',NULL,1),(6,NULL,NULL,NULL,'user_simple','text','sdfsdf',NULL,NULL,NULL,'telegram','webkolghoz_bot','2019-01-24 10:51:21','2019-01-25 10:29:09',NULL,'436803671',NULL,1),(7,NULL,NULL,NULL,'user_simple','text','sdfsdfsdfsdf',NULL,NULL,NULL,'telegram','webkolghoz_bot','2019-01-24 10:51:22','2019-01-25 10:29:09',NULL,'436803671',NULL,1),(8,NULL,NULL,NULL,'user_simple','text','t vvvvvv',NULL,NULL,NULL,'telegram','webkolghoz_bot','2019-01-24 10:51:23','2019-01-25 10:29:09',NULL,'436803671',NULL,1),(9,NULL,NULL,NULL,'user_simple','text','sdfsdfsd',NULL,NULL,NULL,'telegram','webkolghoz_bot','2019-01-24 10:51:23','2019-01-25 10:29:09',NULL,'436803671',NULL,1),(10,NULL,NULL,NULL,'user_simple','text','fghfgh',NULL,NULL,NULL,'telegram','webkolghoz_bot','2019-01-24 10:51:24','2019-01-25 10:29:09',NULL,'436803671',NULL,1),(11,NULL,NULL,NULL,'user_simple','text','sdfsdf',NULL,NULL,NULL,'telegram','webkolghoz_bot','2019-01-24 10:51:24','2019-01-25 10:29:09',NULL,'436803671',NULL,1),(12,NULL,NULL,NULL,'user_simple','text','fgbfgbfgb',NULL,NULL,NULL,'telegram','webkolghoz_bot','2019-01-24 10:51:30','2019-01-25 10:29:09',NULL,'436803671',NULL,1),(13,NULL,NULL,NULL,'user_simple','text','sdfsdf',NULL,NULL,NULL,'telegram','webkolghoz_bot','2019-01-24 10:52:04','2019-01-25 10:29:09',NULL,'436803671',NULL,1),(14,NULL,NULL,NULL,'user_simple','text','sdfsdf',NULL,NULL,NULL,'telegram','webkolghoz_bot','2019-01-24 10:52:07','2019-01-25 10:29:09',NULL,'436803671',NULL,1),(15,NULL,NULL,NULL,'user_simple','text','sdfsdf',NULL,NULL,NULL,'telegram','webkolghoz_bot','2019-01-24 10:52:13','2019-01-25 10:29:09',NULL,'436803671',NULL,1),(16,NULL,NULL,NULL,'user_simple','text','sdfsdf',NULL,NULL,NULL,'telegram','webkolghoz_bot','2019-01-24 10:52:22','2019-01-25 10:29:09',NULL,'436803671',NULL,1),(17,NULL,NULL,NULL,'user_simple','text','12314564879546',NULL,NULL,NULL,'telegram','webkolghoz_bot','2019-01-24 10:52:38','2019-01-25 10:29:09',NULL,'436803671',NULL,1),(18,NULL,NULL,NULL,'user_simple','text','12314564879546',NULL,NULL,NULL,'telegram','webkolghoz_bot','2019-01-24 10:52:41','2019-01-25 10:29:09',NULL,'436803671',NULL,1),(19,NULL,NULL,NULL,'user_simple','text','12314564879546',NULL,NULL,NULL,'telegram','webkolghoz_bot','2019-01-24 10:52:46','2019-01-25 10:29:09',NULL,'436803671',NULL,1),(20,NULL,NULL,NULL,'user_simple','text','12314564879546',NULL,NULL,NULL,'telegram','webkolghoz_bot','2019-01-24 10:52:56','2019-01-25 10:29:09',NULL,'436803671',NULL,1),(21,NULL,NULL,NULL,'user_simple','text','sdfsdf',NULL,NULL,NULL,'telegram','webkolghoz_bot','2019-01-24 10:53:12','2019-01-25 10:29:09',NULL,'436803671',NULL,1),(22,NULL,NULL,NULL,'user_simple','text','12314564879546',NULL,NULL,NULL,'telegram','webkolghoz_bot','2019-01-24 10:53:46','2019-01-25 10:29:09',NULL,'436803671',NULL,1),(23,NULL,NULL,NULL,'user_simple','text','454654654',NULL,NULL,NULL,'telegram','webkolghoz_bot','2019-01-24 10:53:52','2019-01-25 10:29:09',NULL,'436803671',NULL,1),(24,NULL,NULL,NULL,'user_simple','text','454654654',NULL,NULL,NULL,'telegram','webkolghoz_bot','2019-01-24 10:53:58','2019-01-25 10:29:09',NULL,'436803671',NULL,1),(25,NULL,NULL,NULL,'user_simple','text','454654654',NULL,NULL,NULL,'telegram','webkolghoz_bot','2019-01-24 10:54:08','2019-01-25 10:29:09',NULL,'436803671',NULL,1),(26,NULL,NULL,NULL,'user_simple','text','sdfsdf',NULL,NULL,NULL,'telegram','webkolghoz_bot','2019-01-24 10:54:13','2019-01-25 10:29:09',NULL,'436803671',NULL,1),(27,NULL,NULL,NULL,'user_simple','text','454654654',NULL,NULL,NULL,'telegram','webkolghoz_bot','2019-01-24 10:54:27','2019-01-25 10:29:09',NULL,'436803671',NULL,1),(28,NULL,NULL,NULL,'user_simple','text','12314564879546',NULL,NULL,NULL,'telegram','webkolghoz_bot','2019-01-24 10:54:49','2019-01-25 10:29:09',NULL,'436803671',NULL,1),(29,NULL,NULL,NULL,'user_simple','text','454654654',NULL,NULL,NULL,'telegram','webkolghoz_bot','2019-01-24 10:55:01','2019-01-25 10:29:09',NULL,'436803671',NULL,1),(30,NULL,NULL,NULL,'user_simple','text','sdfsdf',NULL,NULL,NULL,'telegram','webkolghoz_bot','2019-01-24 10:55:16','2019-01-25 10:29:09',NULL,'436803671',NULL,1),(31,NULL,NULL,NULL,'user_simple','text','12314564879546',NULL,NULL,NULL,'telegram','webkolghoz_bot','2019-01-24 10:55:51','2019-01-25 10:29:09',NULL,'436803671',NULL,1),(32,NULL,NULL,NULL,'user_simple','text','454654654',NULL,NULL,NULL,'telegram','webkolghoz_bot','2019-01-24 10:56:03','2019-01-25 10:29:09',NULL,'436803671',NULL,1),(33,NULL,NULL,NULL,'user_simple','text','sdfsdf',NULL,NULL,NULL,'telegram','webkolghoz_bot','2019-01-24 10:56:18','2019-01-25 10:29:09',NULL,'436803671',NULL,1),(34,NULL,NULL,NULL,'user_simple','text','12314564879546',NULL,NULL,NULL,'telegram','webkolghoz_bot','2019-01-24 10:56:54','2019-01-25 10:29:09',NULL,'436803671',NULL,1),(35,NULL,NULL,NULL,'user_simple','text','454654654',NULL,NULL,NULL,'telegram','webkolghoz_bot','2019-01-24 10:57:06','2019-01-25 10:29:09',NULL,'436803671',NULL,1),(36,NULL,NULL,NULL,'user_simple','text','sdfsdf',NULL,NULL,NULL,'telegram','webkolghoz_bot','2019-01-24 10:57:20','2019-01-25 10:29:09',NULL,'436803671',NULL,1),(37,NULL,NULL,NULL,'user_simple','text','12314564879546',NULL,NULL,NULL,'telegram','webkolghoz_bot','2019-01-24 10:57:56','2019-01-25 10:29:09',NULL,'436803671',NULL,1),(38,NULL,NULL,NULL,'user_simple','text','454654654',NULL,NULL,NULL,'telegram','webkolghoz_bot','2019-01-24 10:58:08','2019-01-25 10:29:09',NULL,'436803671',NULL,1),(39,NULL,NULL,NULL,'user_simple','text','sdfsdf',NULL,NULL,NULL,'telegram','webkolghoz_bot','2019-01-24 10:58:23','2019-01-25 10:29:09',NULL,'436803671',NULL,1),(40,NULL,NULL,NULL,'user_simple','text','12314564879546',NULL,NULL,NULL,'telegram','webkolghoz_bot','2019-01-24 10:58:58','2019-01-25 10:29:09',NULL,'436803671',NULL,1),(41,NULL,NULL,NULL,'user_simple','text','454654654',NULL,NULL,NULL,'telegram','webkolghoz_bot','2019-01-24 10:59:10','2019-01-25 10:29:09',NULL,'436803671',NULL,1),(42,NULL,NULL,NULL,'user_simple','text','sdfsdf',NULL,NULL,NULL,'telegram','webkolghoz_bot','2019-01-24 10:59:25','2019-01-25 10:29:09',NULL,'436803671',NULL,1),(43,NULL,NULL,NULL,'user_simple','text','12314564879546',NULL,NULL,NULL,'telegram','webkolghoz_bot','2019-01-24 11:00:01','2019-01-25 10:29:09',NULL,'436803671',NULL,1),(44,NULL,NULL,NULL,'user_simple','text','454654654',NULL,NULL,NULL,'telegram','webkolghoz_bot','2019-01-24 11:00:13','2019-01-25 10:29:09',NULL,'436803671',NULL,1),(45,NULL,NULL,NULL,'user_simple','text','sdfsdf',NULL,NULL,NULL,'telegram','webkolghoz_bot','2019-01-24 11:00:27','2019-01-25 10:29:09',NULL,'436803671',NULL,1),(46,NULL,NULL,NULL,'user_simple','text','12314564879546',NULL,NULL,NULL,'telegram','webkolghoz_bot','2019-01-24 11:01:03','2019-01-25 10:29:09',NULL,'436803671',NULL,1),(47,NULL,NULL,NULL,'user_simple','text','454654654',NULL,NULL,NULL,'telegram','webkolghoz_bot','2019-01-24 11:01:15','2019-01-25 10:29:09',NULL,'436803671',NULL,1),(48,NULL,NULL,NULL,'user_simple','text','sdfsdf',NULL,NULL,NULL,'telegram','webkolghoz_bot','2019-01-24 11:01:30','2019-01-25 10:29:09',NULL,'436803671',NULL,1),(49,NULL,NULL,NULL,'user_simple','text','12314564879546',NULL,NULL,NULL,'telegram','webkolghoz_bot','2019-01-24 11:02:06','2019-01-25 10:29:09',NULL,'436803671',NULL,1),(50,NULL,NULL,NULL,'user_simple','text','454654654',NULL,NULL,NULL,'telegram','webkolghoz_bot','2019-01-24 11:02:18','2019-01-25 10:29:09',NULL,'436803671',NULL,1),(51,NULL,NULL,NULL,'user_simple','text','sdfsdf',NULL,NULL,NULL,'telegram','webkolghoz_bot','2019-01-24 11:02:32','2019-01-25 10:29:09',NULL,'436803671',NULL,1),(52,NULL,NULL,NULL,'user_simple','text','12314564879546',NULL,NULL,NULL,'telegram','webkolghoz_bot','2019-01-24 11:03:08','2019-01-25 10:29:09',NULL,'436803671',NULL,1),(53,NULL,NULL,NULL,'user_simple','text','454654654',NULL,NULL,NULL,'telegram','webkolghoz_bot','2019-01-24 11:03:20','2019-01-25 10:29:09',NULL,'436803671',NULL,1),(54,NULL,NULL,NULL,'user_simple','text','sdfsdf',NULL,NULL,NULL,'telegram','webkolghoz_bot','2019-01-24 11:03:34','2019-01-25 10:29:09',NULL,'436803671',NULL,1),(55,NULL,NULL,NULL,'user_simple','text','12314564879546',NULL,NULL,NULL,'telegram','webkolghoz_bot','2019-01-24 11:04:10','2019-01-25 10:29:09',NULL,'436803671',NULL,1),(56,NULL,NULL,NULL,'user_simple','text','454654654',NULL,NULL,NULL,'telegram','webkolghoz_bot','2019-01-24 11:04:22','2019-01-25 10:29:09',NULL,'436803671',NULL,1),(57,NULL,NULL,NULL,'user_simple','text','sdfsdf',NULL,NULL,NULL,'telegram','webkolghoz_bot','2019-01-24 11:04:37','2019-01-25 10:29:09',NULL,'436803671',NULL,1),(58,NULL,NULL,NULL,'user_simple','text','12314564879546',NULL,NULL,NULL,'telegram','webkolghoz_bot','2019-01-24 11:05:13','2019-01-25 10:29:09',NULL,'436803671',NULL,1),(59,NULL,NULL,NULL,'user_simple','text','454654654',NULL,NULL,NULL,'telegram','webkolghoz_bot','2019-01-24 11:05:25','2019-01-25 10:29:09',NULL,'436803671',NULL,1),(60,NULL,NULL,NULL,'user_simple','text','sdfsdf',NULL,NULL,NULL,'telegram','webkolghoz_bot','2019-01-24 11:05:39','2019-01-25 10:29:09',NULL,'436803671',NULL,1),(61,NULL,NULL,NULL,'user_simple','text','12314564879546',NULL,NULL,NULL,'telegram','webkolghoz_bot','2019-01-24 11:06:15','2019-01-25 10:29:09',NULL,'436803671',NULL,1),(62,NULL,NULL,NULL,'user_simple','text','454654654',NULL,NULL,NULL,'telegram','webkolghoz_bot','2019-01-24 11:06:27','2019-01-25 10:29:09',NULL,'436803671',NULL,1),(63,NULL,NULL,NULL,'user_simple','text','sdfsdf',NULL,NULL,NULL,'telegram','webkolghoz_bot','2019-01-24 11:06:41','2019-01-25 10:29:09',NULL,'436803671',NULL,1),(64,NULL,NULL,NULL,'user_simple','text','12314564879546',NULL,NULL,NULL,'telegram','webkolghoz_bot','2019-01-24 11:07:17','2019-01-25 10:29:09',NULL,'436803671',NULL,1),(65,NULL,NULL,NULL,'user_simple','text','454654654',NULL,NULL,NULL,'telegram','webkolghoz_bot','2019-01-24 11:07:30','2019-01-25 10:29:09',NULL,'436803671',NULL,1),(66,NULL,NULL,NULL,'user_simple','text','sdfsdf',NULL,NULL,NULL,'telegram','webkolghoz_bot','2019-01-24 11:07:44','2019-01-25 10:29:09',NULL,'436803671',NULL,1),(67,NULL,NULL,NULL,'user_simple','text','12314564879546',NULL,NULL,NULL,'telegram','webkolghoz_bot','2019-01-24 11:08:20','2019-01-25 10:29:09',NULL,'436803671',NULL,1),(68,NULL,NULL,NULL,'user_simple','text','454654654',NULL,NULL,NULL,'telegram','webkolghoz_bot','2019-01-24 11:08:32','2019-01-25 10:29:09',NULL,'436803671',NULL,1),(69,NULL,NULL,NULL,'user_simple','text','sdfsdf',NULL,NULL,NULL,'telegram','webkolghoz_bot','2019-01-24 11:08:46','2019-01-25 10:29:09',NULL,'436803671',NULL,1),(70,NULL,NULL,NULL,'user_simple','text','12314564879546',NULL,NULL,NULL,'telegram','webkolghoz_bot','2019-01-24 11:09:22','2019-01-25 10:29:09',NULL,'436803671',NULL,1),(71,NULL,NULL,NULL,'user_simple','text','454654654',NULL,NULL,NULL,'telegram','webkolghoz_bot','2019-01-24 11:09:34','2019-01-25 10:29:09',NULL,'436803671',NULL,1),(72,NULL,NULL,NULL,'user_simple','text','sdfsdf',NULL,NULL,NULL,'telegram','webkolghoz_bot','2019-01-24 11:09:49','2019-01-25 10:29:09',NULL,'436803671',NULL,1),(73,NULL,NULL,NULL,'user_simple','text','12314564879546',NULL,NULL,NULL,'telegram','webkolghoz_bot','2019-01-24 11:10:25','2019-01-25 10:29:09',NULL,'436803671',NULL,1),(74,NULL,NULL,NULL,'user_simple','text','454654654',NULL,NULL,NULL,'telegram','webkolghoz_bot','2019-01-24 11:10:37','2019-01-25 10:29:09',NULL,'436803671',NULL,1),(75,NULL,NULL,NULL,'user_simple','text','sdfsdf',NULL,NULL,NULL,'telegram','webkolghoz_bot','2019-01-24 11:10:51','2019-01-25 10:29:09',NULL,'436803671',NULL,1),(76,NULL,NULL,NULL,'user_simple','text','12314564879546',NULL,NULL,NULL,'telegram','webkolghoz_bot','2019-01-24 11:11:27','2019-01-25 10:29:09',NULL,'436803671',NULL,1),(77,NULL,NULL,NULL,'user_simple','text','454654654',NULL,NULL,NULL,'telegram','webkolghoz_bot','2019-01-24 11:11:39','2019-01-25 10:29:09',NULL,'436803671',NULL,1),(78,NULL,NULL,NULL,'user_simple','text','sdfsdf',NULL,NULL,NULL,'telegram','webkolghoz_bot','2019-01-24 11:11:53','2019-01-25 10:29:09',NULL,'436803671',NULL,1),(79,NULL,NULL,NULL,'user_simple','text','12314564879546',NULL,NULL,NULL,'telegram','webkolghoz_bot','2019-01-24 11:12:29','2019-01-25 10:29:09',NULL,'436803671',NULL,1),(80,NULL,NULL,NULL,'user_simple','text','454654654',NULL,NULL,NULL,'telegram','webkolghoz_bot','2019-01-24 11:12:41','2019-01-25 10:29:09',NULL,'436803671',NULL,1),(81,NULL,NULL,NULL,'user_simple','text','sdfsdf',NULL,NULL,NULL,'telegram','webkolghoz_bot','2019-01-24 11:12:56','2019-01-25 10:29:09',NULL,'436803671',NULL,1),(82,NULL,NULL,NULL,'user_simple','text','12314564879546',NULL,NULL,NULL,'telegram','webkolghoz_bot','2019-01-24 11:13:32','2019-01-25 10:29:09',NULL,'436803671',NULL,1),(83,NULL,NULL,NULL,'user_simple','text','454654654',NULL,NULL,NULL,'telegram','webkolghoz_bot','2019-01-24 11:13:44','2019-01-25 10:29:09',NULL,'436803671',NULL,1),(84,NULL,NULL,NULL,'user_simple','text','sdfsdf',NULL,NULL,NULL,'telegram','webkolghoz_bot','2019-01-24 11:13:58','2019-01-25 10:29:09',NULL,'436803671',NULL,1),(85,NULL,NULL,NULL,'user_simple','text','12314564879546',NULL,NULL,NULL,'telegram','webkolghoz_bot','2019-01-24 11:14:34','2019-01-25 10:29:09',NULL,'436803671',NULL,1),(86,NULL,NULL,NULL,'user_simple','text','454654654',NULL,NULL,NULL,'telegram','webkolghoz_bot','2019-01-24 11:14:46','2019-01-25 10:29:09',NULL,'436803671',NULL,1),(87,NULL,NULL,NULL,'user_simple','text','sdfsdf',NULL,NULL,NULL,'telegram','webkolghoz_bot','2019-01-24 11:15:00','2019-01-25 10:29:09',NULL,'436803671',NULL,1),(88,NULL,NULL,NULL,'user_simple','text','12314564879546',NULL,NULL,NULL,'telegram','webkolghoz_bot','2019-01-24 11:15:37','2019-01-25 10:29:09',NULL,'436803671',NULL,1),(89,NULL,NULL,NULL,'user_simple','text','454654654',NULL,NULL,NULL,'telegram','webkolghoz_bot','2019-01-24 11:15:49','2019-01-25 10:29:09',NULL,'436803671',NULL,1),(90,NULL,NULL,NULL,'user_simple','text','sdfsdf',NULL,NULL,NULL,'telegram','webkolghoz_bot','2019-01-24 11:16:03','2019-01-25 10:29:09',NULL,'436803671',NULL,1),(91,NULL,NULL,NULL,'user_simple','text','12314564879546',NULL,NULL,NULL,'telegram','webkolghoz_bot','2019-01-24 11:16:39','2019-01-25 10:29:09',NULL,'436803671',NULL,1),(92,NULL,NULL,NULL,'user_simple','text','454654654',NULL,NULL,NULL,'telegram','webkolghoz_bot','2019-01-24 11:16:51','2019-01-25 10:29:09',NULL,'436803671',NULL,1),(93,NULL,NULL,NULL,'user_simple','text','sdfsdf',NULL,NULL,NULL,'telegram','webkolghoz_bot','2019-01-24 11:17:05','2019-01-25 10:29:09',NULL,'436803671',NULL,1),(94,NULL,NULL,NULL,'user_simple','text','12314564879546',NULL,NULL,NULL,'telegram','webkolghoz_bot','2019-01-24 11:17:41','2019-01-25 10:29:09',NULL,'436803671',NULL,1),(95,NULL,NULL,NULL,'user_simple','text','454654654',NULL,NULL,NULL,'telegram','webkolghoz_bot','2019-01-24 11:17:53','2019-01-25 10:29:09',NULL,'436803671',NULL,1),(96,NULL,NULL,NULL,'user_simple','text','sdfsdf',NULL,NULL,NULL,'telegram','webkolghoz_bot','2019-01-24 11:18:08','2019-01-25 10:29:09',NULL,'436803671',NULL,1),(97,NULL,NULL,NULL,'user_simple','text','12314564879546',NULL,NULL,NULL,'telegram','webkolghoz_bot','2019-01-24 11:18:44','2019-01-25 10:29:09',NULL,'436803671',NULL,1),(98,NULL,NULL,NULL,'user_simple','text','454654654',NULL,NULL,NULL,'telegram','webkolghoz_bot','2019-01-24 11:18:56','2019-01-25 10:29:09',NULL,'436803671',NULL,1),(99,NULL,NULL,NULL,'user_simple','text','sdfsdf',NULL,NULL,NULL,'telegram','webkolghoz_bot','2019-01-24 11:19:10','2019-01-25 10:29:09',NULL,'436803671',NULL,1),(100,NULL,NULL,NULL,'user_simple','text','12314564879546',NULL,NULL,NULL,'telegram','webkolghoz_bot','2019-01-24 11:19:46','2019-01-25 10:29:09',NULL,'436803671',NULL,1),(101,NULL,NULL,NULL,'user_simple','text','454654654',NULL,NULL,NULL,'telegram','webkolghoz_bot','2019-01-24 11:19:59','2019-01-25 10:29:09',NULL,'436803671',NULL,1),(102,NULL,NULL,NULL,'user_simple','text','d]',NULL,NULL,NULL,'telegram','webkolghoz_bot','2019-01-24 11:51:38','2019-01-25 10:29:09',NULL,'436803671',NULL,1),(103,NULL,NULL,NULL,'user_simple','text','d]',NULL,NULL,NULL,'telegram','webkolghoz_bot','2019-01-24 11:51:44','2019-01-25 10:29:09',NULL,'436803671',NULL,1),(104,NULL,NULL,NULL,'user_simple','text','s',NULL,NULL,NULL,'telegram','webkolghoz_bot','2019-01-24 11:51:50','2019-01-25 10:29:09',NULL,'436803671',NULL,1),(105,NULL,NULL,NULL,'user_simple','text','s',NULL,NULL,NULL,'telegram','webkolghoz_bot','2019-01-24 11:51:55','2019-01-25 10:29:09',NULL,'436803671',NULL,1),(106,NULL,NULL,NULL,'user_simple','text','d]',NULL,NULL,NULL,'telegram','webkolghoz_bot','2019-01-24 11:52:01','2019-01-25 10:29:09',NULL,'436803671',NULL,1),(107,NULL,NULL,NULL,'user_simple','text','s',NULL,NULL,NULL,'telegram','webkolghoz_bot','2019-01-24 11:52:12','2019-01-25 10:29:09',NULL,'436803671',NULL,1),(108,NULL,NULL,NULL,'user_simple','text','d]',NULL,NULL,NULL,'telegram','webkolghoz_bot','2019-01-24 11:52:19','2019-01-25 10:29:09',NULL,'436803671',NULL,1),(109,NULL,NULL,NULL,'user_simple','text','s',NULL,NULL,NULL,'telegram','webkolghoz_bot','2019-01-24 11:52:31','2019-01-25 10:29:09',NULL,'436803671',NULL,1),(110,NULL,NULL,NULL,'user_simple','text','4+',NULL,NULL,NULL,'telegram','webkolghoz_bot','2019-01-24 11:52:47','2019-01-25 10:29:09',NULL,'436803671',NULL,1),(111,NULL,NULL,NULL,'user_simple','text','4+',NULL,NULL,NULL,'telegram','webkolghoz_bot','2019-01-24 11:52:52','2019-01-25 10:29:09',NULL,'436803671',NULL,1),(112,NULL,NULL,NULL,'user_simple','text','4+',NULL,NULL,NULL,'telegram','webkolghoz_bot','2019-01-24 11:52:58','2019-01-25 10:29:09',NULL,'436803671',NULL,1),(113,NULL,NULL,NULL,'user_simple','text','s',NULL,NULL,NULL,'telegram','webkolghoz_bot','2019-01-24 11:53:06','2019-01-25 10:29:09',NULL,'436803671',NULL,1),(114,NULL,NULL,NULL,'user_simple','text','4+',NULL,NULL,NULL,'telegram','webkolghoz_bot','2019-01-24 11:53:24','2019-01-25 10:29:09',NULL,'436803671',NULL,1),(115,NULL,NULL,NULL,'user_simple','text','d]',NULL,NULL,NULL,'telegram','webkolghoz_bot','2019-01-24 11:53:55','2019-01-25 10:29:09',NULL,'436803671',NULL,1),(116,NULL,NULL,NULL,'user_simple','text','4+',NULL,NULL,NULL,'telegram','webkolghoz_bot','2019-01-24 11:53:59','2019-01-25 10:29:09',NULL,'436803671',NULL,1),(117,NULL,NULL,NULL,'user_simple','text','s',NULL,NULL,NULL,'telegram','webkolghoz_bot','2019-01-24 11:54:08','2019-01-25 10:29:09',NULL,'436803671',NULL,1),(118,NULL,NULL,NULL,'user_simple','text','d]',NULL,NULL,NULL,'telegram','webkolghoz_bot','2019-01-24 11:54:57','2019-01-25 10:29:09',NULL,'436803671',NULL,1),(119,NULL,NULL,NULL,'user_simple','text','4+',NULL,NULL,NULL,'telegram','webkolghoz_bot','2019-01-24 11:55:01','2019-01-25 10:29:09',NULL,'436803671',NULL,1),(120,NULL,NULL,NULL,'user_simple','text','s',NULL,NULL,NULL,'telegram','webkolghoz_bot','2019-01-24 11:55:11','2019-01-25 10:29:09',NULL,'436803671',NULL,1),(121,NULL,NULL,NULL,'user_simple','text','d]',NULL,NULL,NULL,'telegram','webkolghoz_bot','2019-01-24 11:55:59','2019-01-25 10:29:09',NULL,'436803671',NULL,1),(122,NULL,NULL,NULL,'user_simple','text','4+',NULL,NULL,NULL,'telegram','webkolghoz_bot','2019-01-24 11:56:04','2019-01-25 10:29:09',NULL,'436803671',NULL,1),(123,NULL,NULL,NULL,'user_simple','text','s',NULL,NULL,NULL,'telegram','webkolghoz_bot','2019-01-24 11:56:13','2019-01-25 10:29:09',NULL,'436803671',NULL,1),(124,NULL,NULL,NULL,'user_simple','text','d]',NULL,NULL,NULL,'telegram','webkolghoz_bot','2019-01-24 11:57:02','2019-01-25 10:29:09',NULL,'436803671',NULL,1),(125,NULL,NULL,NULL,'user_simple','text','4+',NULL,NULL,NULL,'telegram','webkolghoz_bot','2019-01-24 11:57:06','2019-01-25 10:29:09',NULL,'436803671',NULL,1),(126,NULL,NULL,NULL,'user_simple','text','9',NULL,NULL,NULL,'telegram','webkolghoz_bot','2019-01-24 11:57:13','2019-01-25 10:29:09',NULL,'436803671',NULL,1),(127,NULL,NULL,NULL,'user_simple','text','9',NULL,NULL,NULL,'telegram','webkolghoz_bot','2019-01-24 11:57:24','2019-01-25 10:29:09',NULL,'436803671',NULL,1),(128,NULL,NULL,NULL,'user_simple','text','9',NULL,NULL,NULL,'telegram','webkolghoz_bot','2019-01-24 11:57:42','2019-01-25 10:29:09',NULL,'436803671',NULL,1),(129,NULL,NULL,NULL,'user_simple','text','d]',NULL,NULL,NULL,'telegram','webkolghoz_bot','2019-01-24 11:58:04','2019-01-25 10:29:09',NULL,'436803671',NULL,1),(130,NULL,NULL,NULL,'user_simple','text','4+',NULL,NULL,NULL,'telegram','webkolghoz_bot','2019-01-24 11:58:08','2019-01-25 10:29:09',NULL,'436803671',NULL,1),(131,NULL,NULL,NULL,'user_simple','text','9',NULL,NULL,NULL,'telegram','webkolghoz_bot','2019-01-24 11:58:16','2019-01-25 10:29:09',NULL,'436803671',NULL,1),(132,NULL,NULL,NULL,'user_simple','text','55',NULL,NULL,NULL,'telegram','webkolghoz_bot','2019-01-24 11:58:56','2019-01-25 10:29:09',NULL,'436803671',NULL,1),(133,NULL,NULL,NULL,'user_simple','text','55',NULL,NULL,NULL,'telegram','webkolghoz_bot','2019-01-24 11:59:00','2019-01-25 10:29:09',NULL,'436803671',NULL,1),(134,NULL,NULL,NULL,'user_simple','text','55',NULL,NULL,NULL,'telegram','webkolghoz_bot','2019-01-24 11:59:07','2019-01-25 10:29:09',NULL,'436803671',NULL,1),(135,NULL,NULL,NULL,'user_simple','text','4+',NULL,NULL,NULL,'telegram','webkolghoz_bot','2019-01-24 11:59:11','2019-01-25 10:29:09',NULL,'436803671',NULL,1),(136,NULL,NULL,NULL,'user_simple','text','55',NULL,NULL,NULL,'telegram','webkolghoz_bot','2019-01-24 11:59:17','2019-01-25 10:29:09',NULL,'436803671',NULL,1),(137,NULL,NULL,NULL,'user_simple','text','s',NULL,NULL,NULL,'telegram','webkolghoz_bot','2019-01-24 11:59:21','2019-01-25 10:29:09',NULL,'436803671',NULL,1),(138,NULL,NULL,NULL,'user_simple','text','55',NULL,NULL,NULL,'telegram','webkolghoz_bot','2019-01-24 11:59:35','2019-01-25 10:29:09',NULL,'436803671',NULL,1),(139,NULL,NULL,NULL,'user_simple','text','55',NULL,NULL,NULL,'telegram','webkolghoz_bot','2019-01-24 12:00:09','2019-01-25 10:29:09',NULL,'436803671',NULL,1),(140,NULL,NULL,NULL,'user_simple','text','4+',NULL,NULL,NULL,'telegram','webkolghoz_bot','2019-01-24 12:00:13','2019-01-25 10:29:09',NULL,'436803671',NULL,1),(141,NULL,NULL,NULL,'user_simple','text','9',NULL,NULL,NULL,'telegram','webkolghoz_bot','2019-01-24 12:00:20','2019-01-25 10:29:09',NULL,'436803671',NULL,1),(142,NULL,NULL,NULL,'user_simple','text','d]',NULL,NULL,NULL,'telegram','webkolghoz_bot','2019-01-24 12:01:24','2019-01-25 10:29:09',NULL,'436803671',NULL,1),(143,NULL,NULL,NULL,'user_simple','text','9',NULL,NULL,NULL,'telegram','webkolghoz_bot','2019-01-24 12:01:29','2019-01-25 10:29:09',NULL,'436803671',NULL,1),(144,NULL,NULL,NULL,'user_simple','text','s',NULL,NULL,NULL,'telegram','webkolghoz_bot','2019-01-24 12:02:29','2019-01-25 10:29:09',NULL,'436803671',NULL,1),(145,NULL,NULL,NULL,'user_simple','text','4+',NULL,NULL,NULL,'telegram','webkolghoz_bot','2019-01-24 12:02:37','2019-01-25 10:29:09',NULL,'436803671',NULL,1),(146,NULL,NULL,NULL,'user_simple','text','55',NULL,NULL,NULL,'telegram','webkolghoz_bot','2019-01-24 12:02:47','2019-01-25 10:29:09',NULL,'436803671',NULL,1),(147,NULL,NULL,NULL,'user_simple','text','89',NULL,NULL,NULL,'telegram','webkolghoz_bot','2019-01-24 12:03:24','2019-01-25 10:29:09',NULL,'436803671',NULL,1),(148,NULL,NULL,NULL,'user_simple','text','89',NULL,NULL,NULL,'telegram','webkolghoz_bot','2019-01-24 12:03:28','2019-01-25 10:29:09',NULL,'436803671',NULL,1),(149,NULL,NULL,NULL,'user_simple','text','s',NULL,NULL,NULL,'telegram','webkolghoz_bot','2019-01-24 12:03:33','2019-01-25 10:29:09',NULL,'436803671',NULL,1),(150,NULL,NULL,NULL,'user_simple','text','89',NULL,NULL,NULL,'telegram','webkolghoz_bot','2019-01-24 12:03:35','2019-01-25 10:29:09',NULL,'436803671',NULL,1),(151,NULL,NULL,NULL,'user_simple','text','4+',NULL,NULL,NULL,'telegram','webkolghoz_bot','2019-01-24 12:03:40','2019-01-25 10:29:09',NULL,'436803671',NULL,1),(152,NULL,NULL,NULL,'user_simple','text','89',NULL,NULL,NULL,'telegram','webkolghoz_bot','2019-01-24 12:03:46','2019-01-25 10:29:09',NULL,'436803671',NULL,1),(153,NULL,NULL,NULL,'user_simple','text','55',NULL,NULL,NULL,'telegram','webkolghoz_bot','2019-01-24 12:03:50','2019-01-25 10:29:09',NULL,'436803671',NULL,1),(154,NULL,NULL,NULL,'user_simple','text','555',NULL,NULL,NULL,'telegram','webkolghoz_bot','2019-01-24 12:03:57','2019-01-25 10:29:09',NULL,'436803671',NULL,1),(155,NULL,NULL,NULL,'user_simple','text','89',NULL,NULL,NULL,'telegram','webkolghoz_bot','2019-01-24 12:04:03','2019-01-25 10:29:09',NULL,'436803671',NULL,1),(156,NULL,NULL,NULL,'user_simple','text','555',NULL,NULL,NULL,'telegram','webkolghoz_bot','2019-01-24 12:04:06','2019-01-25 10:29:09',NULL,'436803671',NULL,1),(157,NULL,NULL,NULL,'user_simple','text','555',NULL,NULL,NULL,'telegram','webkolghoz_bot','2019-01-24 12:04:24','2019-01-25 10:29:09',NULL,'436803671',NULL,1),(158,NULL,NULL,NULL,'user_simple','text','s',NULL,NULL,NULL,'telegram','webkolghoz_bot','2019-01-24 12:04:34','2019-01-25 10:29:09',NULL,'436803671',NULL,1),(159,NULL,NULL,NULL,'user_simple','text','89',NULL,NULL,NULL,'telegram','webkolghoz_bot','2019-01-24 12:04:37','2019-01-25 10:29:09',NULL,'436803671',NULL,1),(160,NULL,NULL,NULL,'user_simple','text','4+',NULL,NULL,NULL,'telegram','webkolghoz_bot','2019-01-24 12:04:43','2019-01-25 10:29:09',NULL,'436803671',NULL,1),(161,NULL,NULL,NULL,'user_simple','text','55',NULL,NULL,NULL,'telegram','webkolghoz_bot','2019-01-24 12:04:52','2019-01-25 10:29:09',NULL,'436803671',NULL,1),(162,NULL,NULL,NULL,'user_simple','text','555',NULL,NULL,NULL,'telegram','webkolghoz_bot','2019-01-24 12:04:57','2019-01-25 10:29:09',NULL,'436803671',NULL,1),(163,NULL,NULL,NULL,'user_simple','text','s',NULL,NULL,NULL,'telegram','webkolghoz_bot','2019-01-24 12:05:35','2019-01-25 10:29:09',NULL,'436803671',NULL,1),(164,NULL,NULL,NULL,'user_simple','text','89',NULL,NULL,NULL,'telegram','webkolghoz_bot','2019-01-24 12:05:39','2019-01-25 10:29:09',NULL,'436803671',NULL,1),(165,NULL,NULL,NULL,'user_simple','text','4+',NULL,NULL,NULL,'telegram','webkolghoz_bot','2019-01-24 12:05:44','2019-01-25 10:29:09',NULL,'436803671',NULL,1),(166,NULL,NULL,NULL,'user_simple','text','55',NULL,NULL,NULL,'telegram','webkolghoz_bot','2019-01-24 12:05:53','2019-01-25 10:29:09',NULL,'436803671',NULL,1),(167,NULL,NULL,NULL,'user_simple','text','555',NULL,NULL,NULL,'telegram','webkolghoz_bot','2019-01-24 12:05:58','2019-01-25 10:29:09',NULL,'436803671',NULL,1),(168,NULL,NULL,NULL,'user_simple','text','s',NULL,NULL,NULL,'telegram','webkolghoz_bot','2019-01-24 12:06:37','2019-01-25 10:29:09',NULL,'436803671',NULL,1),(169,NULL,NULL,NULL,'user_simple','text','89',NULL,NULL,NULL,'telegram','webkolghoz_bot','2019-01-24 12:06:40','2019-01-25 10:29:09',NULL,'436803671',NULL,1),(170,NULL,NULL,NULL,'user_simple','text','4+',NULL,NULL,NULL,'telegram','webkolghoz_bot','2019-01-24 12:06:46','2019-01-25 10:29:09',NULL,'436803671',NULL,1),(171,NULL,NULL,NULL,'user_simple','text','55',NULL,NULL,NULL,'telegram','webkolghoz_bot','2019-01-24 12:06:54','2019-01-25 10:29:09',NULL,'436803671',NULL,1),(172,NULL,NULL,NULL,'user_simple','text','555',NULL,NULL,NULL,'telegram','webkolghoz_bot','2019-01-24 12:07:00','2019-01-25 10:29:09',NULL,'436803671',NULL,1),(173,NULL,NULL,NULL,'user_simple','text','55',NULL,NULL,NULL,'telegram','webkolghoz_bot','2019-01-24 12:07:11','2019-01-25 10:29:09',NULL,'436803671',NULL,1),(174,NULL,NULL,NULL,'user_simple','text','55',NULL,NULL,NULL,'telegram','webkolghoz_bot','2019-01-24 12:07:14','2019-01-25 10:29:09',NULL,'436803671',NULL,1),(175,NULL,NULL,NULL,'user_simple','text','55',NULL,NULL,NULL,'telegram','webkolghoz_bot','2019-01-24 12:07:19','2019-01-25 10:29:09',NULL,'436803671',NULL,1),(176,NULL,NULL,NULL,'user_simple','text','55',NULL,NULL,NULL,'telegram','webkolghoz_bot','2019-01-24 12:07:28','2019-01-25 10:29:09',NULL,'436803671',NULL,1),(177,NULL,NULL,NULL,'user_simple','text','s',NULL,NULL,NULL,'telegram','webkolghoz_bot','2019-01-24 12:07:38','2019-01-25 10:29:09',NULL,'436803671',NULL,1),(178,NULL,NULL,NULL,'user_simple','text','89',NULL,NULL,NULL,'telegram','webkolghoz_bot','2019-01-24 12:07:41','2019-01-25 10:29:09',NULL,'436803671',NULL,1),(179,NULL,NULL,NULL,'user_simple','text','55',NULL,NULL,NULL,'telegram','webkolghoz_bot','2019-01-24 12:07:46','2019-01-25 10:29:09',NULL,'436803671',NULL,1),(180,NULL,NULL,NULL,'user_simple','text','9',NULL,NULL,NULL,'telegram','webkolghoz_bot','2019-01-24 12:07:49','2019-01-25 10:29:09',NULL,'436803671',NULL,1),(181,NULL,NULL,NULL,'user_simple','text','55',NULL,NULL,NULL,'telegram','webkolghoz_bot','2019-01-24 12:07:56','2019-01-25 10:29:09',NULL,'436803671',NULL,1),(182,NULL,NULL,NULL,'user_simple','text','555',NULL,NULL,NULL,'telegram','webkolghoz_bot','2019-01-24 12:08:01','2019-01-25 10:29:09',NULL,'436803671',NULL,1),(183,NULL,NULL,NULL,'user_simple','text','55',NULL,NULL,NULL,'telegram','webkolghoz_bot','2019-01-24 12:08:19','2019-01-25 10:29:09',NULL,'436803671',NULL,1),(184,NULL,NULL,NULL,'user_simple','text','s',NULL,NULL,NULL,'telegram','webkolghoz_bot','2019-01-24 12:08:40','2019-01-25 10:29:09',NULL,'436803671',NULL,1),(185,NULL,NULL,NULL,'user_simple','text','89',NULL,NULL,NULL,'telegram','webkolghoz_bot','2019-01-24 12:08:43','2019-01-25 10:29:09',NULL,'436803671',NULL,1),(186,NULL,NULL,NULL,'user_simple','text','4+',NULL,NULL,NULL,'telegram','webkolghoz_bot','2019-01-24 12:08:48','2019-01-25 10:29:09',NULL,'436803671',NULL,1),(187,NULL,NULL,NULL,'bot_simple','text','77',NULL,NULL,NULL,'telegram','webkolghoz_bot','2019-01-24 12:09:49','2019-01-25 10:29:09',NULL,'436803671',NULL,1),(188,NULL,NULL,NULL,'user_simple','text','d]',NULL,NULL,NULL,'telegram','webkolghoz_bot','2019-01-24 12:09:51','2019-01-25 10:29:09',NULL,'436803671',NULL,1),(189,NULL,NULL,NULL,'user_simple','text','4+',NULL,NULL,NULL,'telegram','webkolghoz_bot','2019-01-24 12:09:53','2019-01-25 10:29:09',NULL,'436803671',NULL,1),(190,NULL,NULL,NULL,'user_simple','text','89',NULL,NULL,NULL,'telegram','webkolghoz_bot','2019-01-24 12:09:56','2019-01-25 10:29:09',NULL,'436803671',NULL,1),(191,NULL,NULL,NULL,'user_simple','text','55',NULL,NULL,NULL,'telegram','webkolghoz_bot','2019-01-24 12:09:59','2019-01-25 10:29:09',NULL,'436803671',NULL,1),(192,NULL,NULL,NULL,'user_simple','text','88',NULL,NULL,NULL,'telegram','webkolghoz_bot','2019-01-24 12:10:03','2019-01-25 10:29:09',NULL,'436803671',NULL,1),(193,NULL,NULL,NULL,'user_simple','text','88',NULL,NULL,NULL,'telegram','webkolghoz_bot','2019-01-24 12:10:08','2019-01-25 10:29:09',NULL,'436803671',NULL,1),(194,NULL,NULL,NULL,'user_simple','text','88',NULL,NULL,NULL,'telegram','webkolghoz_bot','2019-01-24 12:10:18','2019-01-25 10:29:09',NULL,'436803671',NULL,1),(195,NULL,NULL,NULL,'user_simple','text','88',NULL,NULL,NULL,'telegram','webkolghoz_bot','2019-01-24 12:10:35','2019-01-25 10:29:09',NULL,'436803671',NULL,1),(196,NULL,NULL,NULL,'user_simple','text','9',NULL,NULL,NULL,'telegram','webkolghoz_bot','2019-01-24 12:10:50','2019-01-25 10:29:09',NULL,'436803671',NULL,1),(197,NULL,NULL,NULL,'user_simple','text','s',NULL,NULL,NULL,'telegram','webkolghoz_bot','2019-01-24 12:10:53','2019-01-25 10:29:09',NULL,'436803671',NULL,1),(198,NULL,NULL,NULL,'user_simple','text','55',NULL,NULL,NULL,'telegram','webkolghoz_bot','2019-01-24 12:10:56','2019-01-25 10:29:09',NULL,'436803671',NULL,1),(199,NULL,NULL,NULL,'user_simple','text','555',NULL,NULL,NULL,'telegram','webkolghoz_bot','2019-01-24 12:10:58','2019-01-25 10:29:09',NULL,'436803671',NULL,1),(200,NULL,NULL,NULL,'user_simple','text','88',NULL,NULL,NULL,'telegram','webkolghoz_bot','2019-01-24 12:11:08','2019-01-25 10:29:09',NULL,'436803671',NULL,1),(201,NULL,NULL,NULL,'user_simple','text','9',NULL,NULL,NULL,'telegram','webkolghoz_bot','2019-01-24 12:11:52','2019-01-25 10:29:09',NULL,'436803671',NULL,1),(202,NULL,NULL,NULL,'user_simple','text','s',NULL,NULL,NULL,'telegram','webkolghoz_bot','2019-01-24 12:11:54','2019-01-25 10:29:09',NULL,'436803671',NULL,1),(203,NULL,NULL,NULL,'user_simple','text','55',NULL,NULL,NULL,'telegram','webkolghoz_bot','2019-01-24 12:11:57','2019-01-25 10:29:09',NULL,'436803671',NULL,1),(204,NULL,NULL,NULL,'user_simple','text','555',NULL,NULL,NULL,'telegram','webkolghoz_bot','2019-01-24 12:12:00','2019-01-25 10:29:09',NULL,'436803671',NULL,1),(205,NULL,NULL,NULL,'user_simple','text','88',NULL,NULL,NULL,'telegram','webkolghoz_bot','2019-01-24 12:12:10','2019-01-25 10:29:09',NULL,'436803671',NULL,1),(206,NULL,NULL,NULL,'user_simple','text','9',NULL,NULL,NULL,'telegram','webkolghoz_bot','2019-01-24 12:12:53','2019-01-25 10:29:09',NULL,'436803671',NULL,1),(207,NULL,NULL,NULL,'user_simple','text','s',NULL,NULL,NULL,'telegram','webkolghoz_bot','2019-01-24 12:12:56','2019-01-25 10:29:09',NULL,'436803671',NULL,1),(208,NULL,NULL,NULL,'user_simple','text','55',NULL,NULL,NULL,'telegram','webkolghoz_bot','2019-01-24 12:13:00','2019-01-25 10:29:09',NULL,'436803671',NULL,1),(209,NULL,NULL,NULL,'user_simple','text','555',NULL,NULL,NULL,'telegram','webkolghoz_bot','2019-01-24 12:13:04','2019-01-25 10:29:09',NULL,'436803671',NULL,1),(210,NULL,NULL,NULL,'user_simple','text','88',NULL,NULL,NULL,'telegram','webkolghoz_bot','2019-01-24 12:13:11','2019-01-25 10:29:09',NULL,'436803671',NULL,1),(211,NULL,NULL,NULL,'user_simple','text','9',NULL,NULL,NULL,'telegram','webkolghoz_bot','2019-01-24 12:13:54','2019-01-25 10:29:09',NULL,'436803671',NULL,1),(212,NULL,NULL,NULL,'user_simple','text','s',NULL,NULL,NULL,'telegram','webkolghoz_bot','2019-01-24 12:13:58','2019-01-25 10:29:09',NULL,'436803671',NULL,1),(213,NULL,NULL,NULL,'user_simple','text','55',NULL,NULL,NULL,'telegram','webkolghoz_bot','2019-01-24 12:14:02','2019-01-25 10:29:09',NULL,'436803671',NULL,1),(214,NULL,NULL,NULL,'user_simple','text','555',NULL,NULL,NULL,'telegram','webkolghoz_bot','2019-01-24 12:14:06','2019-01-25 10:29:09',NULL,'436803671',NULL,1),(215,NULL,NULL,NULL,'user_simple','text','88',NULL,NULL,NULL,'telegram','webkolghoz_bot','2019-01-24 12:14:13','2019-01-25 10:29:09',NULL,'436803671',NULL,1),(216,NULL,NULL,NULL,'user_simple','text','9',NULL,NULL,NULL,'telegram','webkolghoz_bot','2019-01-24 12:14:57','2019-01-25 10:29:09',NULL,'436803671',NULL,1),(217,NULL,NULL,NULL,'user_simple','text','s',NULL,NULL,NULL,'telegram','webkolghoz_bot','2019-01-24 12:16:00','2019-01-25 10:29:09',NULL,'436803671',NULL,1),(218,NULL,NULL,NULL,'user_simple','text','9',NULL,NULL,NULL,'telegram','webkolghoz_bot','2019-01-24 12:16:04','2019-01-25 10:29:09',NULL,'436803671',NULL,1),(219,NULL,NULL,NULL,'user_simple','text','89',NULL,NULL,NULL,'telegram','webkolghoz_bot','2019-01-24 12:16:08','2019-01-25 10:29:09',NULL,'436803671',NULL,1),(220,NULL,NULL,NULL,'user_simple','text','55',NULL,NULL,NULL,'telegram','webkolghoz_bot','2019-01-24 12:16:11','2019-01-25 10:29:09',NULL,'436803671',NULL,1),(221,NULL,NULL,NULL,'user_simple','text','d]',NULL,NULL,NULL,'telegram','webkolghoz_bot','2019-01-24 12:16:58','2019-01-25 10:29:09',NULL,'436803671',NULL,1),(222,NULL,NULL,NULL,'user_simple','text','s',NULL,NULL,NULL,'telegram','webkolghoz_bot','2019-01-24 12:17:03','2019-01-25 10:29:09',NULL,'436803671',NULL,1),(223,NULL,NULL,NULL,'user_simple','text','9',NULL,NULL,NULL,'telegram','webkolghoz_bot','2019-01-24 12:17:06','2019-01-25 10:29:09',NULL,'436803671',NULL,1),(224,NULL,NULL,NULL,'user_simple','text','89',NULL,NULL,NULL,'telegram','webkolghoz_bot','2019-01-24 12:17:10','2019-01-25 10:29:09',NULL,'436803671',NULL,1),(225,NULL,NULL,NULL,'user_simple','text','55',NULL,NULL,NULL,'telegram','webkolghoz_bot','2019-01-24 12:17:13','2019-01-25 10:29:09',NULL,'436803671',NULL,1),(226,NULL,NULL,NULL,'user_simple','text','d]',NULL,NULL,NULL,'telegram','webkolghoz_bot','2019-01-24 12:18:00','2019-01-25 10:29:09',NULL,'436803671',NULL,1),(227,NULL,NULL,NULL,'user_simple','text','s',NULL,NULL,NULL,'telegram','webkolghoz_bot','2019-01-24 12:18:05','2019-01-25 10:29:09',NULL,'436803671',NULL,1),(228,NULL,NULL,NULL,'user_simple','text','9',NULL,NULL,NULL,'telegram','webkolghoz_bot','2019-01-24 12:18:09','2019-01-25 10:29:09',NULL,'436803671',NULL,1),(229,NULL,NULL,NULL,'user_simple','text','89',NULL,NULL,NULL,'telegram','webkolghoz_bot','2019-01-24 12:18:12','2019-01-25 10:29:09',NULL,'436803671',NULL,1),(230,NULL,NULL,NULL,'user_simple','text','55',NULL,NULL,NULL,'telegram','webkolghoz_bot','2019-01-24 12:18:16','2019-01-25 10:29:09',NULL,'436803671',NULL,1),(231,NULL,NULL,NULL,'user_simple','text','d]',NULL,NULL,NULL,'telegram','webkolghoz_bot','2019-01-24 12:19:02','2019-01-25 10:29:09',NULL,'436803671',NULL,1),(232,NULL,NULL,NULL,'user_simple','text','s',NULL,NULL,NULL,'telegram','webkolghoz_bot','2019-01-24 12:19:07','2019-01-25 10:29:09',NULL,'436803671',NULL,1),(233,NULL,NULL,NULL,'user_simple','text','9',NULL,NULL,NULL,'telegram','webkolghoz_bot','2019-01-24 12:19:10','2019-01-25 10:29:09',NULL,'436803671',NULL,1),(234,NULL,NULL,NULL,'user_simple','text','89',NULL,NULL,NULL,'telegram','webkolghoz_bot','2019-01-24 12:19:14','2019-01-25 10:29:09',NULL,'436803671',NULL,1),(235,NULL,NULL,NULL,'user_simple','text','55',NULL,NULL,NULL,'telegram','webkolghoz_bot','2019-01-24 12:19:17','2019-01-25 10:29:09',NULL,'436803671',NULL,1),(236,NULL,NULL,NULL,'user_simple','text','d]',NULL,NULL,NULL,'telegram','webkolghoz_bot','2019-01-24 12:20:03','2019-01-25 10:29:09',NULL,'436803671',NULL,1),(237,NULL,NULL,NULL,'user_simple','text','s',NULL,NULL,NULL,'telegram','webkolghoz_bot','2019-01-24 12:20:08','2019-01-25 10:29:09',NULL,'436803671',NULL,1),(238,NULL,NULL,NULL,'user_simple','text','9',NULL,NULL,NULL,'telegram','webkolghoz_bot','2019-01-24 12:20:12','2019-01-25 10:29:09',NULL,'436803671',NULL,1),(239,NULL,NULL,NULL,'user_simple','text','89',NULL,NULL,NULL,'telegram','webkolghoz_bot','2019-01-24 12:20:15','2019-01-25 10:29:09',NULL,'436803671',NULL,1),(240,NULL,NULL,NULL,'user_simple','text','55',NULL,NULL,NULL,'telegram','webkolghoz_bot','2019-01-24 12:20:18','2019-01-25 10:29:09',NULL,'436803671',NULL,1),(241,NULL,NULL,NULL,'user_simple','text','d]',NULL,NULL,NULL,'telegram','webkolghoz_bot','2019-01-24 12:21:04','2019-01-25 10:29:09',NULL,'436803671',NULL,1),(242,NULL,NULL,NULL,'user_simple','text','s',NULL,NULL,NULL,'telegram','webkolghoz_bot','2019-01-24 12:21:10','2019-01-25 10:29:09',NULL,'436803671',NULL,1),(243,NULL,NULL,NULL,'user_simple','text','9',NULL,NULL,NULL,'telegram','webkolghoz_bot','2019-01-24 12:21:13','2019-01-25 10:29:09',NULL,'436803671',NULL,1),(244,NULL,NULL,NULL,'user_simple','text','89',NULL,NULL,NULL,'telegram','webkolghoz_bot','2019-01-24 12:21:16','2019-01-25 10:29:09',NULL,'436803671',NULL,1),(245,NULL,NULL,NULL,'user_simple','text','55',NULL,NULL,NULL,'telegram','webkolghoz_bot','2019-01-24 12:21:20','2019-01-25 10:29:09',NULL,'436803671',NULL,1),(246,NULL,NULL,NULL,'user_simple','text','d]',NULL,NULL,NULL,'telegram','webkolghoz_bot','2019-01-24 12:22:06','2019-01-25 10:29:09',NULL,'436803671',NULL,1),(247,NULL,NULL,NULL,'user_simple','text','s',NULL,NULL,NULL,'telegram','webkolghoz_bot','2019-01-24 12:22:11','2019-01-25 10:29:09',NULL,'436803671',NULL,1),(248,NULL,NULL,NULL,'user_simple','text','9',NULL,NULL,NULL,'telegram','webkolghoz_bot','2019-01-24 12:22:14','2019-01-25 10:29:09',NULL,'436803671',NULL,1),(249,NULL,NULL,NULL,'user_simple','text','89',NULL,NULL,NULL,'telegram','webkolghoz_bot','2019-01-24 12:22:18','2019-01-25 10:29:09',NULL,'436803671',NULL,1),(250,NULL,NULL,NULL,'user_simple','text','55',NULL,NULL,NULL,'telegram','webkolghoz_bot','2019-01-24 12:22:21','2019-01-25 10:29:09',NULL,'436803671',NULL,1),(251,NULL,NULL,NULL,'user_simple','text','d]',NULL,NULL,NULL,'telegram','webkolghoz_bot','2019-01-24 12:23:07','2019-01-25 10:29:09',NULL,'436803671',NULL,1),(252,NULL,NULL,NULL,'user_simple','text','s',NULL,NULL,NULL,'telegram','webkolghoz_bot','2019-01-24 12:23:13','2019-01-25 10:29:09',NULL,'436803671',NULL,1),(253,NULL,NULL,NULL,'user_simple','text','9',NULL,NULL,NULL,'telegram','webkolghoz_bot','2019-01-24 12:23:16','2019-01-25 10:29:09',NULL,'436803671',NULL,1),(254,NULL,NULL,NULL,'user_simple','text','89',NULL,NULL,NULL,'telegram','webkolghoz_bot','2019-01-24 12:23:19','2019-01-25 10:29:09',NULL,'436803671',NULL,1),(255,NULL,NULL,NULL,'user_simple','text','55',NULL,NULL,NULL,'telegram','webkolghoz_bot','2019-01-24 12:23:22','2019-01-25 10:29:09',NULL,'436803671',NULL,1),(256,NULL,NULL,NULL,'user_simple','text','d]',NULL,NULL,NULL,'telegram','webkolghoz_bot','2019-01-24 12:24:08','2019-01-25 10:29:09',NULL,'436803671',NULL,1),(257,NULL,NULL,NULL,'user_simple','text','s',NULL,NULL,NULL,'telegram','webkolghoz_bot','2019-01-24 12:24:14','2019-01-25 10:29:09',NULL,'436803671',NULL,1),(258,NULL,NULL,NULL,'user_simple','text','9',NULL,NULL,NULL,'telegram','webkolghoz_bot','2019-01-24 12:24:17','2019-01-25 10:29:09',NULL,'436803671',NULL,1),(259,NULL,NULL,NULL,'user_simple','text','89',NULL,NULL,NULL,'telegram','webkolghoz_bot','2019-01-24 12:24:20','2019-01-25 10:29:09',NULL,'436803671',NULL,1),(260,NULL,NULL,NULL,'user_simple','text','55',NULL,NULL,NULL,'telegram','webkolghoz_bot','2019-01-24 12:24:24','2019-01-25 10:29:09',NULL,'436803671',NULL,1),(261,NULL,NULL,NULL,'user_simple','text','d]',NULL,NULL,NULL,'telegram','webkolghoz_bot','2019-01-24 12:25:10','2019-01-25 10:29:09',NULL,'436803671',NULL,1),(262,NULL,NULL,NULL,'user_simple','text','s',NULL,NULL,NULL,'telegram','webkolghoz_bot','2019-01-24 12:25:16','2019-01-25 10:29:09',NULL,'436803671',NULL,1),(263,NULL,NULL,NULL,'user_simple','text','9',NULL,NULL,NULL,'telegram','webkolghoz_bot','2019-01-24 12:25:19','2019-01-25 10:29:09',NULL,'436803671',NULL,1),(264,NULL,NULL,NULL,'user_simple','text','89',NULL,NULL,NULL,'telegram','webkolghoz_bot','2019-01-24 12:25:22','2019-01-25 10:29:09',NULL,'436803671',NULL,1),(265,NULL,NULL,NULL,'user_simple','text','55',NULL,NULL,NULL,'telegram','webkolghoz_bot','2019-01-24 12:25:25','2019-01-25 10:29:09',NULL,'436803671',NULL,1),(266,NULL,NULL,NULL,'user_simple','text','d]',NULL,NULL,NULL,'telegram','webkolghoz_bot','2019-01-24 12:26:11','2019-01-25 10:29:09',NULL,'436803671',NULL,1),(267,NULL,NULL,NULL,'user_simple','text','s',NULL,NULL,NULL,'telegram','webkolghoz_bot','2019-01-24 12:26:18','2019-01-25 10:29:09',NULL,'436803671',NULL,1),(268,NULL,NULL,NULL,'user_simple','text','9',NULL,NULL,NULL,'telegram','webkolghoz_bot','2019-01-24 12:26:20','2019-01-25 10:29:09',NULL,'436803671',NULL,1),(269,NULL,NULL,NULL,'user_simple','text','89',NULL,NULL,NULL,'telegram','webkolghoz_bot','2019-01-24 12:26:23','2019-01-25 10:29:09',NULL,'436803671',NULL,1),(270,NULL,NULL,NULL,'user_simple','text','55',NULL,NULL,NULL,'telegram','webkolghoz_bot','2019-01-24 12:26:26','2019-01-25 10:29:09',NULL,'436803671',NULL,1),(271,NULL,NULL,NULL,'user_simple','text','d]',NULL,NULL,NULL,'telegram','webkolghoz_bot','2019-01-24 12:27:12','2019-01-25 10:29:09',NULL,'436803671',NULL,1),(272,NULL,NULL,NULL,'user_simple','text','s',NULL,NULL,NULL,'telegram','webkolghoz_bot','2019-01-24 12:27:19','2019-01-25 10:29:09',NULL,'436803671',NULL,1),(273,NULL,NULL,NULL,'user_simple','text','9',NULL,NULL,NULL,'telegram','webkolghoz_bot','2019-01-24 12:27:22','2019-01-25 10:29:09',NULL,'436803671',NULL,1),(274,NULL,NULL,NULL,'user_simple','text','89',NULL,NULL,NULL,'telegram','webkolghoz_bot','2019-01-24 12:27:24','2019-01-25 10:29:09',NULL,'436803671',NULL,1),(275,NULL,NULL,NULL,'user_simple','text','55',NULL,NULL,NULL,'telegram','webkolghoz_bot','2019-01-24 12:27:27','2019-01-25 10:29:09',NULL,'436803671',NULL,1),(276,NULL,NULL,NULL,'user_simple','text','d]',NULL,NULL,NULL,'telegram','webkolghoz_bot','2019-01-24 12:28:14','2019-01-25 10:29:09',NULL,'436803671',NULL,1),(277,NULL,NULL,NULL,'user_simple','text','s',NULL,NULL,NULL,'telegram','webkolghoz_bot','2019-01-24 12:28:21','2019-01-25 10:29:09',NULL,'436803671',NULL,1),(278,NULL,NULL,NULL,'user_simple','text','9',NULL,NULL,NULL,'telegram','webkolghoz_bot','2019-01-24 12:28:23','2019-01-25 10:29:09',NULL,'436803671',NULL,1),(279,NULL,NULL,NULL,'user_simple','text','89',NULL,NULL,NULL,'telegram','webkolghoz_bot','2019-01-24 12:28:26','2019-01-25 10:29:09',NULL,'436803671',NULL,1),(280,NULL,NULL,NULL,'user_simple','text','55',NULL,NULL,NULL,'telegram','webkolghoz_bot','2019-01-24 12:28:29','2019-01-25 10:29:09',NULL,'436803671',NULL,1),(281,NULL,NULL,NULL,'user_simple','text','d]',NULL,NULL,NULL,'telegram','webkolghoz_bot','2019-01-24 12:29:15','2019-01-25 10:29:09',NULL,'436803671',NULL,1),(282,NULL,NULL,NULL,'user_simple','text','s',NULL,NULL,NULL,'telegram','webkolghoz_bot','2019-01-24 12:29:23','2019-01-25 10:29:09',NULL,'436803671',NULL,1),(283,NULL,NULL,NULL,'user_simple','text','9',NULL,NULL,NULL,'telegram','webkolghoz_bot','2019-01-24 12:29:25','2019-01-25 10:29:09',NULL,'436803671',NULL,1),(284,NULL,NULL,NULL,'user_simple','text','89',NULL,NULL,NULL,'telegram','webkolghoz_bot','2019-01-24 12:29:27','2019-01-25 10:29:09',NULL,'436803671',NULL,1),(285,NULL,NULL,NULL,'user_simple','text','55',NULL,NULL,NULL,'telegram','webkolghoz_bot','2019-01-24 12:29:30','2019-01-25 10:29:09',NULL,'436803671',NULL,1),(286,NULL,NULL,NULL,'user_simple','text','d]',NULL,NULL,NULL,'telegram','webkolghoz_bot','2019-01-24 12:30:17','2019-01-25 10:29:09',NULL,'436803671',NULL,1),(287,NULL,NULL,NULL,'user_simple','text','s',NULL,NULL,NULL,'telegram','webkolghoz_bot','2019-01-24 12:30:24','2019-01-25 10:29:09',NULL,'436803671',NULL,1),(288,NULL,NULL,NULL,'user_simple','text','9',NULL,NULL,NULL,'telegram','webkolghoz_bot','2019-01-24 12:30:26','2019-01-25 10:29:09',NULL,'436803671',NULL,1),(289,NULL,NULL,NULL,'user_simple','text','89',NULL,NULL,NULL,'telegram','webkolghoz_bot','2019-01-24 12:30:28','2019-01-25 10:29:09',NULL,'436803671',NULL,1),(290,NULL,NULL,NULL,'user_simple','text','55',NULL,NULL,NULL,'telegram','webkolghoz_bot','2019-01-24 12:30:32','2019-01-25 10:29:09',NULL,'436803671',NULL,1),(291,NULL,NULL,NULL,'user_simple','text','d]',NULL,NULL,NULL,'telegram','webkolghoz_bot','2019-01-24 12:31:18','2019-01-25 10:29:09',NULL,'436803671',NULL,1),(292,NULL,NULL,NULL,'user_simple','text','s',NULL,NULL,NULL,'telegram','webkolghoz_bot','2019-01-24 12:31:26','2019-01-25 10:29:09',NULL,'436803671',NULL,1),(293,NULL,NULL,NULL,'user_simple','text','9',NULL,NULL,NULL,'telegram','webkolghoz_bot','2019-01-24 12:31:28','2019-01-25 10:29:09',NULL,'436803671',NULL,1),(294,NULL,NULL,NULL,'user_simple','text','89',NULL,NULL,NULL,'telegram','webkolghoz_bot','2019-01-24 12:31:30','2019-01-25 10:29:09',NULL,'436803671',NULL,1),(295,NULL,NULL,NULL,'user_simple','text','55',NULL,NULL,NULL,'telegram','webkolghoz_bot','2019-01-24 12:31:33','2019-01-25 10:29:09',NULL,'436803671',NULL,1),(296,NULL,NULL,NULL,'user_simple','text','d]',NULL,NULL,NULL,'telegram','webkolghoz_bot','2019-01-24 12:32:20','2019-01-25 10:29:09',NULL,'436803671',NULL,1),(297,NULL,NULL,NULL,'user_simple','text','s',NULL,NULL,NULL,'telegram','webkolghoz_bot','2019-01-24 12:32:27','2019-01-25 10:29:09',NULL,'436803671',NULL,1),(298,NULL,NULL,NULL,'user_simple','text','9',NULL,NULL,NULL,'telegram','webkolghoz_bot','2019-01-24 12:32:29','2019-01-25 10:29:09',NULL,'436803671',NULL,1),(299,NULL,NULL,NULL,'user_simple','text','89',NULL,NULL,NULL,'telegram','webkolghoz_bot','2019-01-24 12:32:31','2019-01-25 10:29:09',NULL,'436803671',NULL,1),(300,NULL,NULL,NULL,'user_simple','text','55',NULL,NULL,NULL,'telegram','webkolghoz_bot','2019-01-24 12:32:35','2019-01-25 10:29:09',NULL,'436803671',NULL,1),(301,NULL,NULL,NULL,'user_simple','text','d]',NULL,NULL,NULL,'telegram','webkolghoz_bot','2019-01-24 12:33:21','2019-01-25 10:29:09',NULL,'436803671',NULL,1),(302,NULL,NULL,NULL,'user_simple','text','s',NULL,NULL,NULL,'telegram','webkolghoz_bot','2019-01-24 12:33:28','2019-01-25 10:29:09',NULL,'436803671',NULL,1),(303,NULL,NULL,NULL,'user_simple','text','9',NULL,NULL,NULL,'telegram','webkolghoz_bot','2019-01-24 12:33:30','2019-01-25 10:29:09',NULL,'436803671',NULL,1),(304,NULL,NULL,NULL,'user_simple','text','89',NULL,NULL,NULL,'telegram','webkolghoz_bot','2019-01-24 12:33:32','2019-01-25 10:29:09',NULL,'436803671',NULL,1),(305,NULL,NULL,NULL,'user_simple','text','55',NULL,NULL,NULL,'telegram','webkolghoz_bot','2019-01-24 12:33:36','2019-01-25 10:29:09',NULL,'436803671',NULL,1),(306,NULL,NULL,NULL,'user_simple','text','d]',NULL,NULL,NULL,'telegram','webkolghoz_bot','2019-01-24 12:34:22','2019-01-25 10:29:09',NULL,'436803671',NULL,1),(307,NULL,NULL,NULL,'user_simple','text','s',NULL,NULL,NULL,'telegram','webkolghoz_bot','2019-01-24 12:34:30','2019-01-25 10:29:09',NULL,'436803671',NULL,1),(308,NULL,NULL,NULL,'user_simple','text','9',NULL,NULL,NULL,'telegram','webkolghoz_bot','2019-01-24 12:34:32','2019-01-25 10:29:09',NULL,'436803671',NULL,1),(309,NULL,NULL,NULL,'user_simple','text','89',NULL,NULL,NULL,'telegram','webkolghoz_bot','2019-01-24 12:34:34','2019-01-25 10:29:09',NULL,'436803671',NULL,1),(310,NULL,NULL,NULL,'user_simple','text','55',NULL,NULL,NULL,'telegram','webkolghoz_bot','2019-01-24 12:34:37','2019-01-25 10:29:09',NULL,'436803671',NULL,1),(311,NULL,NULL,NULL,'user_simple','text','d]',NULL,NULL,NULL,'telegram','webkolghoz_bot','2019-01-24 12:35:24','2019-01-25 10:29:09',NULL,'436803671',NULL,1),(312,NULL,NULL,NULL,'user_simple','text','s',NULL,NULL,NULL,'telegram','webkolghoz_bot','2019-01-24 12:35:31','2019-01-25 10:29:09',NULL,'436803671',NULL,1),(313,NULL,NULL,NULL,'user_simple','text','9',NULL,NULL,NULL,'telegram','webkolghoz_bot','2019-01-24 12:35:33','2019-01-25 10:29:09',NULL,'436803671',NULL,1),(314,NULL,NULL,NULL,'user_simple','text','89',NULL,NULL,NULL,'telegram','webkolghoz_bot','2019-01-24 12:35:35','2019-01-25 10:29:09',NULL,'436803671',NULL,1),(315,NULL,NULL,NULL,'user_simple','text','55',NULL,NULL,NULL,'telegram','webkolghoz_bot','2019-01-24 12:35:39','2019-01-25 10:29:09',NULL,'436803671',NULL,1),(316,NULL,NULL,NULL,'user_simple','text','d]',NULL,NULL,NULL,'telegram','webkolghoz_bot','2019-01-24 12:36:25','2019-01-25 10:29:09',NULL,'436803671',NULL,1),(317,NULL,NULL,NULL,'user_simple','text','s',NULL,NULL,NULL,'telegram','webkolghoz_bot','2019-01-24 12:36:32','2019-01-25 10:29:09',NULL,'436803671',NULL,1),(318,NULL,NULL,NULL,'user_simple','text','9',NULL,NULL,NULL,'telegram','webkolghoz_bot','2019-01-24 12:36:34','2019-01-25 10:29:09',NULL,'436803671',NULL,1),(319,NULL,NULL,NULL,'user_simple','text','89',NULL,NULL,NULL,'telegram','webkolghoz_bot','2019-01-24 12:36:36','2019-01-25 10:29:09',NULL,'436803671',NULL,1),(320,NULL,NULL,NULL,'user_simple','text','55',NULL,NULL,NULL,'telegram','webkolghoz_bot','2019-01-24 12:36:40','2019-01-25 10:29:09',NULL,'436803671',NULL,1),(321,NULL,NULL,NULL,'user_simple','text','d]',NULL,NULL,NULL,'telegram','webkolghoz_bot','2019-01-24 12:37:26','2019-01-25 10:29:09',NULL,'436803671',NULL,1),(322,NULL,NULL,NULL,'user_simple','text','s',NULL,NULL,NULL,'telegram','webkolghoz_bot','2019-01-24 12:37:34','2019-01-25 10:29:09',NULL,'436803671',NULL,1),(323,NULL,NULL,NULL,'user_simple','text','9',NULL,NULL,NULL,'telegram','webkolghoz_bot','2019-01-24 12:37:36','2019-01-25 10:29:09',NULL,'436803671',NULL,1),(324,NULL,NULL,NULL,'user_simple','text','89',NULL,NULL,NULL,'telegram','webkolghoz_bot','2019-01-24 12:37:38','2019-01-25 10:29:09',NULL,'436803671',NULL,1),(325,NULL,NULL,NULL,'user_simple','text','55',NULL,NULL,NULL,'telegram','webkolghoz_bot','2019-01-24 12:37:41','2019-01-25 10:29:09',NULL,'436803671',NULL,1),(326,NULL,NULL,NULL,'user_simple','text','d]',NULL,NULL,NULL,'telegram','webkolghoz_bot','2019-01-24 12:38:28','2019-01-25 10:29:09',NULL,'436803671',NULL,1),(327,NULL,NULL,NULL,'user_simple','text','s',NULL,NULL,NULL,'telegram','webkolghoz_bot','2019-01-24 12:38:35','2019-01-25 10:29:09',NULL,'436803671',NULL,1),(328,NULL,NULL,NULL,'user_simple','text','9',NULL,NULL,NULL,'telegram','webkolghoz_bot','2019-01-24 12:38:37','2019-01-25 10:29:09',NULL,'436803671',NULL,1),(329,NULL,NULL,NULL,'user_simple','text','89',NULL,NULL,NULL,'telegram','webkolghoz_bot','2019-01-24 12:38:40','2019-01-25 10:29:09',NULL,'436803671',NULL,1),(330,NULL,NULL,NULL,'user_simple','text','55',NULL,NULL,NULL,'telegram','webkolghoz_bot','2019-01-24 12:38:43','2019-01-25 10:29:09',NULL,'436803671',NULL,1),(331,NULL,NULL,NULL,'user_simple','text','d]',NULL,NULL,NULL,'telegram','webkolghoz_bot','2019-01-24 12:39:29','2019-01-25 10:29:09',NULL,'436803671',NULL,1),(332,NULL,NULL,NULL,'user_simple','text','s',NULL,NULL,NULL,'telegram','webkolghoz_bot','2019-01-24 12:39:37','2019-01-25 10:29:09',NULL,'436803671',NULL,1),(333,NULL,NULL,NULL,'user_simple','text','9',NULL,NULL,NULL,'telegram','webkolghoz_bot','2019-01-24 12:39:39','2019-01-25 10:29:09',NULL,'436803671',NULL,1),(334,NULL,NULL,NULL,'user_simple','text','89',NULL,NULL,NULL,'telegram','webkolghoz_bot','2019-01-24 12:39:41','2019-01-25 10:29:09',NULL,'436803671',NULL,1),(335,NULL,NULL,NULL,'user_simple','text','55',NULL,NULL,NULL,'telegram','webkolghoz_bot','2019-01-24 12:39:44','2019-01-25 10:29:09',NULL,'436803671',NULL,1),(336,NULL,NULL,NULL,'user_simple','text','d]',NULL,NULL,NULL,'telegram','webkolghoz_bot','2019-01-24 12:40:30','2019-01-25 10:29:09',NULL,'436803671',NULL,1),(337,NULL,NULL,NULL,'user_simple','text','s',NULL,NULL,NULL,'telegram','webkolghoz_bot','2019-01-24 12:40:38','2019-01-25 10:29:09',NULL,'436803671',NULL,1),(338,NULL,NULL,NULL,'user_simple','text','9',NULL,NULL,NULL,'telegram','webkolghoz_bot','2019-01-24 12:40:40','2019-01-25 10:29:09',NULL,'436803671',NULL,1),(339,NULL,NULL,NULL,'user_simple','text','89',NULL,NULL,NULL,'telegram','webkolghoz_bot','2019-01-24 12:40:42','2019-01-25 10:29:09',NULL,'436803671',NULL,1),(340,NULL,NULL,NULL,'user_simple','text','55',NULL,NULL,NULL,'telegram','webkolghoz_bot','2019-01-24 12:40:46','2019-01-25 10:29:09',NULL,'436803671',NULL,1),(341,NULL,NULL,NULL,'user_simple','text','d]',NULL,NULL,NULL,'telegram','webkolghoz_bot','2019-01-24 12:41:32','2019-01-25 10:29:09',NULL,'436803671',NULL,1),(342,NULL,NULL,NULL,'user_simple','text','s',NULL,NULL,NULL,'telegram','webkolghoz_bot','2019-01-24 12:41:40','2019-01-25 10:29:09',NULL,'436803671',NULL,1),(343,NULL,NULL,NULL,'user_simple','text','9',NULL,NULL,NULL,'telegram','webkolghoz_bot','2019-01-24 12:41:42','2019-01-25 10:29:09',NULL,'436803671',NULL,1),(344,NULL,NULL,NULL,'user_simple','text','89',NULL,NULL,NULL,'telegram','webkolghoz_bot','2019-01-24 12:41:44','2019-01-25 10:29:09',NULL,'436803671',NULL,1),(345,NULL,NULL,NULL,'user_simple','text','55',NULL,NULL,NULL,'telegram','webkolghoz_bot','2019-01-24 12:41:47','2019-01-25 10:29:09',NULL,'436803671',NULL,1),(346,NULL,NULL,NULL,'bot_simple','text','sasd',NULL,NULL,NULL,'telegram','webkolghoz_bot','2019-01-24 12:41:55','2019-01-25 10:29:09',NULL,'436803671',NULL,1),(347,NULL,NULL,NULL,'user_simple','text','d]',NULL,NULL,NULL,'telegram','webkolghoz_bot','2019-01-24 12:42:33','2019-01-25 10:29:09',NULL,'436803671',NULL,1),(348,NULL,NULL,NULL,'user_simple','text','s',NULL,NULL,NULL,'telegram','webkolghoz_bot','2019-01-24 12:42:41','2019-01-25 10:29:09',NULL,'436803671',NULL,1),(349,NULL,NULL,NULL,'user_simple','text','9',NULL,NULL,NULL,'telegram','webkolghoz_bot','2019-01-24 12:42:45','2019-01-25 10:29:09',NULL,'436803671',NULL,1),(350,NULL,NULL,NULL,'user_simple','text','89',NULL,NULL,NULL,'telegram','webkolghoz_bot','2019-01-24 12:42:49','2019-01-25 10:29:09',NULL,'436803671',NULL,1),(351,NULL,NULL,NULL,'user_simple','text','55',NULL,NULL,NULL,'telegram','webkolghoz_bot','2019-01-24 12:42:53','2019-01-25 10:29:09',NULL,'436803671',NULL,1),(352,NULL,NULL,NULL,'user_simple','text','d]',NULL,NULL,NULL,'telegram','webkolghoz_bot','2019-01-24 12:43:36','2019-01-25 10:29:09',NULL,'436803671',NULL,1),(353,NULL,NULL,NULL,'user_simple','text','s',NULL,NULL,NULL,'telegram','webkolghoz_bot','2019-01-24 12:43:45','2019-01-25 10:29:09',NULL,'436803671',NULL,1),(354,NULL,NULL,NULL,'user_simple','text','9',NULL,NULL,NULL,'telegram','webkolghoz_bot','2019-01-24 12:43:49','2019-01-25 10:29:09',NULL,'436803671',NULL,1),(355,NULL,NULL,NULL,'user_simple','text','89',NULL,NULL,NULL,'telegram','webkolghoz_bot','2019-01-24 12:43:53','2019-01-25 10:29:09',NULL,'436803671',NULL,1),(356,NULL,NULL,NULL,'user_simple','text','55',NULL,NULL,NULL,'telegram','webkolghoz_bot','2019-01-24 12:43:57','2019-01-25 10:29:09',NULL,'436803671',NULL,1),(357,NULL,NULL,NULL,'user_simple','text','d]',NULL,NULL,NULL,'telegram','webkolghoz_bot','2019-01-24 12:44:40','2019-01-25 10:29:09',NULL,'436803671',NULL,1),(358,NULL,NULL,NULL,'user_simple','text','s',NULL,NULL,NULL,'telegram','webkolghoz_bot','2019-01-24 12:44:49','2019-01-25 10:29:09',NULL,'436803671',NULL,1),(359,NULL,NULL,NULL,'user_simple','text','9',NULL,NULL,NULL,'telegram','webkolghoz_bot','2019-01-24 12:44:53','2019-01-25 10:29:09',NULL,'436803671',NULL,1),(360,NULL,NULL,NULL,'user_simple','text','89',NULL,NULL,NULL,'telegram','webkolghoz_bot','2019-01-24 12:44:57','2019-01-25 10:29:09',NULL,'436803671',NULL,1),(361,NULL,NULL,NULL,'user_simple','text','55',NULL,NULL,NULL,'telegram','webkolghoz_bot','2019-01-24 12:45:01','2019-01-25 10:29:09',NULL,'436803671',NULL,1),(362,NULL,NULL,NULL,'user_simple','text','d]',NULL,NULL,NULL,'telegram','webkolghoz_bot','2019-01-24 12:45:43','2019-01-25 10:29:09',NULL,'436803671',NULL,1),(363,NULL,NULL,NULL,'user_simple','text','s',NULL,NULL,NULL,'telegram','webkolghoz_bot','2019-01-24 12:45:52','2019-01-25 10:29:09',NULL,'436803671',NULL,1),(364,NULL,NULL,NULL,'user_simple','text','9',NULL,NULL,NULL,'telegram','webkolghoz_bot','2019-01-24 12:45:57','2019-01-25 10:29:09',NULL,'436803671',NULL,1),(365,NULL,NULL,NULL,'user_simple','text','89',NULL,NULL,NULL,'telegram','webkolghoz_bot','2019-01-24 12:46:01','2019-01-25 10:29:09',NULL,'436803671',NULL,1),(366,NULL,NULL,NULL,'user_simple','text','55',NULL,NULL,NULL,'telegram','webkolghoz_bot','2019-01-24 12:46:05','2019-01-25 10:29:09',NULL,'436803671',NULL,1),(367,NULL,NULL,NULL,'user_simple','text','d]',NULL,NULL,NULL,'telegram','webkolghoz_bot','2019-01-24 12:46:47','2019-01-25 10:29:09',NULL,'436803671',NULL,1),(368,NULL,NULL,NULL,'user_simple','text','s',NULL,NULL,NULL,'telegram','webkolghoz_bot','2019-01-24 12:46:56','2019-01-25 10:29:09',NULL,'436803671',NULL,1),(369,NULL,NULL,NULL,'user_simple','text','9',NULL,NULL,NULL,'telegram','webkolghoz_bot','2019-01-24 12:47:00','2019-01-25 10:29:09',NULL,'436803671',NULL,1),(370,NULL,NULL,NULL,'user_simple','text','89',NULL,NULL,NULL,'telegram','webkolghoz_bot','2019-01-24 12:47:04','2019-01-25 10:29:09',NULL,'436803671',NULL,1),(371,NULL,NULL,NULL,'user_simple','text','55',NULL,NULL,NULL,'telegram','webkolghoz_bot','2019-01-24 12:47:08','2019-01-25 10:29:09',NULL,'436803671',NULL,1),(372,NULL,NULL,NULL,'user_simple','text','d]',NULL,NULL,NULL,'telegram','webkolghoz_bot','2019-01-24 12:47:50','2019-01-25 10:29:09',NULL,'436803671',NULL,1),(373,NULL,NULL,NULL,'user_simple','text','s',NULL,NULL,NULL,'telegram','webkolghoz_bot','2019-01-24 12:47:59','2019-01-25 10:29:09',NULL,'436803671',NULL,1),(374,NULL,NULL,NULL,'user_simple','text','9',NULL,NULL,NULL,'telegram','webkolghoz_bot','2019-01-24 12:48:04','2019-01-25 10:29:09',NULL,'436803671',NULL,1),(375,NULL,NULL,NULL,'user_simple','text','89',NULL,NULL,NULL,'telegram','webkolghoz_bot','2019-01-24 12:48:08','2019-01-25 10:29:09',NULL,'436803671',NULL,1),(376,NULL,NULL,NULL,'user_simple','text','55',NULL,NULL,NULL,'telegram','webkolghoz_bot','2019-01-24 12:48:13','2019-01-25 10:29:09',NULL,'436803671',NULL,1),(377,NULL,NULL,NULL,'user_simple','text','d]',NULL,NULL,NULL,'telegram','webkolghoz_bot','2019-01-24 12:48:53','2019-01-25 10:29:09',NULL,'436803671',NULL,1),(378,NULL,NULL,NULL,'user_simple','text','s',NULL,NULL,NULL,'telegram','webkolghoz_bot','2019-01-24 12:49:03','2019-01-25 10:29:09',NULL,'436803671',NULL,1),(379,NULL,NULL,NULL,'user_simple','text','9',NULL,NULL,NULL,'telegram','webkolghoz_bot','2019-01-24 12:49:07','2019-01-25 10:29:09',NULL,'436803671',NULL,1),(380,NULL,NULL,NULL,'user_simple','text','89',NULL,NULL,NULL,'telegram','webkolghoz_bot','2019-01-24 12:49:11','2019-01-25 10:29:09',NULL,'436803671',NULL,1),(381,NULL,NULL,NULL,'user_simple','text','55',NULL,NULL,NULL,'telegram','webkolghoz_bot','2019-01-24 12:49:16','2019-01-25 10:29:09',NULL,'436803671',NULL,1),(382,NULL,NULL,NULL,'user_simple','text','d]',NULL,NULL,NULL,'telegram','webkolghoz_bot','2019-01-24 12:49:55','2019-01-25 10:29:09',NULL,'436803671',NULL,1),(383,NULL,NULL,NULL,'user_simple','text','s',NULL,NULL,NULL,'telegram','webkolghoz_bot','2019-01-24 12:50:04','2019-01-25 10:29:09',NULL,'436803671',NULL,1),(384,NULL,NULL,NULL,'user_simple','text','9',NULL,NULL,NULL,'telegram','webkolghoz_bot','2019-01-24 12:50:09','2019-01-25 10:29:09',NULL,'436803671',NULL,1),(385,NULL,NULL,NULL,'user_simple','text','89',NULL,NULL,NULL,'telegram','webkolghoz_bot','2019-01-24 12:50:12','2019-01-25 10:29:09',NULL,'436803671',NULL,1),(386,NULL,NULL,NULL,'user_simple','text','55',NULL,NULL,NULL,'telegram','webkolghoz_bot','2019-01-24 12:50:17','2019-01-25 10:29:09',NULL,'436803671',NULL,1),(387,NULL,NULL,NULL,'user_simple','text','d]',NULL,NULL,NULL,'telegram','webkolghoz_bot','2019-01-24 12:50:56','2019-01-25 10:29:09',NULL,'436803671',NULL,1),(388,NULL,NULL,NULL,'user_simple','text','s',NULL,NULL,NULL,'telegram','webkolghoz_bot','2019-01-24 12:51:05','2019-01-25 10:29:09',NULL,'436803671',NULL,1),(389,NULL,NULL,NULL,'user_simple','text','9',NULL,NULL,NULL,'telegram','webkolghoz_bot','2019-01-24 12:51:10','2019-01-25 10:29:09',NULL,'436803671',NULL,1),(390,NULL,NULL,NULL,'user_simple','text','89',NULL,NULL,NULL,'telegram','webkolghoz_bot','2019-01-24 12:51:14','2019-01-25 10:29:09',NULL,'436803671',NULL,1),(391,NULL,NULL,NULL,'user_simple','text','55',NULL,NULL,NULL,'telegram','webkolghoz_bot','2019-01-24 12:51:19','2019-01-25 10:29:09',NULL,'436803671',NULL,1),(392,NULL,NULL,NULL,'user_simple','text','d]',NULL,NULL,NULL,'telegram','webkolghoz_bot','2019-01-24 12:51:58','2019-01-25 10:29:09',NULL,'436803671',NULL,1),(393,NULL,NULL,NULL,'user_simple','text','s',NULL,NULL,NULL,'telegram','webkolghoz_bot','2019-01-24 12:52:07','2019-01-25 10:29:09',NULL,'436803671',NULL,1),(394,NULL,NULL,NULL,'user_simple','text','9',NULL,NULL,NULL,'telegram','webkolghoz_bot','2019-01-24 12:52:11','2019-01-25 10:29:09',NULL,'436803671',NULL,1),(395,NULL,NULL,NULL,'user_simple','text','89',NULL,NULL,NULL,'telegram','webkolghoz_bot','2019-01-24 12:52:15','2019-01-25 10:29:09',NULL,'436803671',NULL,1),(396,NULL,NULL,NULL,'user_simple','text','55',NULL,NULL,NULL,'telegram','webkolghoz_bot','2019-01-24 12:52:20','2019-01-25 10:29:09',NULL,'436803671',NULL,1),(397,NULL,NULL,NULL,'user_simple','text','d]',NULL,NULL,NULL,'telegram','webkolghoz_bot','2019-01-24 12:52:59','2019-01-25 10:29:09',NULL,'436803671',NULL,1),(398,NULL,NULL,NULL,'user_simple','text','s',NULL,NULL,NULL,'telegram','webkolghoz_bot','2019-01-24 12:53:08','2019-01-25 10:29:09',NULL,'436803671',NULL,1),(399,NULL,NULL,NULL,'user_simple','text','9',NULL,NULL,NULL,'telegram','webkolghoz_bot','2019-01-24 12:53:13','2019-01-25 10:29:09',NULL,'436803671',NULL,1),(400,NULL,NULL,NULL,'user_simple','text','89',NULL,NULL,NULL,'telegram','webkolghoz_bot','2019-01-24 12:53:16','2019-01-25 10:29:09',NULL,'436803671',NULL,1),(401,NULL,NULL,NULL,'user_simple','text','55',NULL,NULL,NULL,'telegram','webkolghoz_bot','2019-01-24 12:53:22','2019-01-25 10:29:09',NULL,'436803671',NULL,1),(402,NULL,NULL,NULL,'user_simple','text','d]',NULL,NULL,NULL,'telegram','webkolghoz_bot','2019-01-24 12:54:00','2019-01-25 10:29:09',NULL,'436803671',NULL,1),(403,NULL,NULL,NULL,'user_simple','text','s',NULL,NULL,NULL,'telegram','webkolghoz_bot','2019-01-24 12:54:10','2019-01-25 10:29:09',NULL,'436803671',NULL,1),(404,NULL,NULL,NULL,'user_simple','text','9',NULL,NULL,NULL,'telegram','webkolghoz_bot','2019-01-24 12:54:14','2019-01-25 10:29:09',NULL,'436803671',NULL,1),(405,NULL,NULL,NULL,'user_simple','text','89',NULL,NULL,NULL,'telegram','webkolghoz_bot','2019-01-24 12:54:18','2019-01-25 10:29:09',NULL,'436803671',NULL,1),(406,NULL,NULL,NULL,'user_simple','text','55',NULL,NULL,NULL,'telegram','webkolghoz_bot','2019-01-24 12:54:23','2019-01-25 10:29:09',NULL,'436803671',NULL,1),(407,NULL,NULL,NULL,'user_simple','text','s',NULL,NULL,NULL,'telegram','webkolghoz_bot','2019-01-24 12:55:11','2019-01-25 10:29:09',NULL,'436803671',NULL,1),(408,NULL,NULL,NULL,'user_simple','text','9',NULL,NULL,NULL,'telegram','webkolghoz_bot','2019-01-24 12:55:15','2019-01-25 10:29:09',NULL,'436803671',NULL,1),(409,NULL,NULL,NULL,'user_simple','text','89',NULL,NULL,NULL,'telegram','webkolghoz_bot','2019-01-24 12:55:19','2019-01-25 10:29:09',NULL,'436803671',NULL,1),(410,NULL,NULL,NULL,'user_simple','text','d]',NULL,NULL,NULL,'telegram','webkolghoz_bot','2019-01-24 12:56:03','2019-01-25 10:29:09',NULL,'436803671',NULL,1),(411,NULL,NULL,NULL,'user_simple','text','s',NULL,NULL,NULL,'telegram','webkolghoz_bot','2019-01-24 12:56:13','2019-01-25 10:29:09',NULL,'436803671',NULL,1),(412,NULL,NULL,NULL,'user_simple','text','4+',NULL,NULL,NULL,'telegram','webkolghoz_bot','2019-01-24 12:56:14','2019-01-25 10:29:09',NULL,'436803671',NULL,1),(413,NULL,NULL,NULL,'user_simple','text','9',NULL,NULL,NULL,'telegram','webkolghoz_bot','2019-01-24 12:56:17','2019-01-25 10:29:09',NULL,'436803671',NULL,1),(414,NULL,NULL,NULL,'user_simple','text','55',NULL,NULL,NULL,'telegram','webkolghoz_bot','2019-01-24 12:56:18','2019-01-25 10:29:09',NULL,'436803671',NULL,1),(415,NULL,NULL,NULL,'user_simple','text','89',NULL,NULL,NULL,'telegram','webkolghoz_bot','2019-01-24 12:56:21','2019-01-25 10:29:09',NULL,'436803671',NULL,1),(416,NULL,NULL,NULL,'user_simple','text','555',NULL,NULL,NULL,'telegram','webkolghoz_bot','2019-01-24 12:56:22','2019-01-25 10:29:09',NULL,'436803671',NULL,1),(417,NULL,NULL,NULL,'user_simple','text','88',NULL,NULL,NULL,'telegram','webkolghoz_bot','2019-01-24 12:56:25','2019-01-25 10:29:09',NULL,'436803671',NULL,1),(418,NULL,NULL,NULL,'user_simple','text','s',NULL,NULL,NULL,'telegram','webkolghoz_bot','2019-01-24 12:57:14','2019-01-25 10:29:09',NULL,'436803671',NULL,1),(419,NULL,NULL,NULL,'user_simple','text','9',NULL,NULL,NULL,'telegram','webkolghoz_bot','2019-01-24 12:57:18','2019-01-25 10:29:09',NULL,'436803671',NULL,1),(420,NULL,NULL,NULL,'user_simple','text','89',NULL,NULL,NULL,'telegram','webkolghoz_bot','2019-01-24 12:57:22','2019-01-25 10:29:09',NULL,'436803671',NULL,1),(421,NULL,NULL,NULL,'user_simple','text','88',NULL,NULL,NULL,'telegram','webkolghoz_bot','2019-01-24 12:57:27','2019-01-25 10:29:09',NULL,'436803671',NULL,1),(422,NULL,NULL,NULL,'user_simple','text','d]',NULL,NULL,NULL,'telegram','webkolghoz_bot','2019-01-24 12:58:06','2019-01-25 10:29:09',NULL,'436803671',NULL,1),(423,NULL,NULL,NULL,'user_simple','text','s',NULL,NULL,NULL,'telegram','webkolghoz_bot','2019-01-24 12:58:16','2019-01-25 10:29:09',NULL,'436803671',NULL,1),(424,NULL,NULL,NULL,'user_simple','text','9',NULL,NULL,NULL,'telegram','webkolghoz_bot','2019-01-24 12:58:20','2019-01-25 10:29:09',NULL,'436803671',NULL,1),(425,NULL,NULL,NULL,'user_simple','text','89',NULL,NULL,NULL,'telegram','webkolghoz_bot','2019-01-24 12:58:24','2019-01-25 10:29:09',NULL,'436803671',NULL,1),(426,NULL,NULL,NULL,'user_simple','text','88',NULL,NULL,NULL,'telegram','webkolghoz_bot','2019-01-24 12:58:28','2019-01-25 10:29:09',NULL,'436803671',NULL,1),(427,NULL,NULL,NULL,'user_simple','text','d]',NULL,NULL,NULL,'telegram','webkolghoz_bot','2019-01-24 12:59:08','2019-01-25 10:29:09',NULL,'436803671',NULL,1),(428,NULL,NULL,NULL,'user_simple','text','s',NULL,NULL,NULL,'telegram','webkolghoz_bot','2019-01-24 12:59:17','2019-01-25 10:29:09',NULL,'436803671',NULL,1),(429,NULL,NULL,NULL,'user_simple','text','9',NULL,NULL,NULL,'telegram','webkolghoz_bot','2019-01-24 12:59:21','2019-01-25 10:29:09',NULL,'436803671',NULL,1),(430,NULL,NULL,NULL,'user_simple','text','89',NULL,NULL,NULL,'telegram','webkolghoz_bot','2019-01-24 12:59:25','2019-01-25 10:29:09',NULL,'436803671',NULL,1),(431,NULL,NULL,NULL,'user_simple','text','88',NULL,NULL,NULL,'telegram','webkolghoz_bot','2019-01-24 12:59:29','2019-01-25 10:29:09',NULL,'436803671',NULL,1),(432,NULL,NULL,NULL,'user_simple','text','d]',NULL,NULL,NULL,'telegram','webkolghoz_bot','2019-01-24 13:00:09','2019-01-25 10:29:09',NULL,'436803671',NULL,1),(433,NULL,NULL,NULL,'user_simple','text','s',NULL,NULL,NULL,'telegram','webkolghoz_bot','2019-01-24 13:00:18','2019-01-25 10:29:09',NULL,'436803671',NULL,1),(434,NULL,NULL,NULL,'user_simple','text','9',NULL,NULL,NULL,'telegram','webkolghoz_bot','2019-01-24 13:00:23','2019-01-25 10:29:09',NULL,'436803671',NULL,1),(435,NULL,NULL,NULL,'user_simple','text','89',NULL,NULL,NULL,'telegram','webkolghoz_bot','2019-01-24 13:00:26','2019-01-25 10:29:09',NULL,'436803671',NULL,1),(436,NULL,NULL,NULL,'user_simple','text','88',NULL,NULL,NULL,'telegram','webkolghoz_bot','2019-01-24 13:00:31','2019-01-25 10:29:09',NULL,'436803671',NULL,1),(437,NULL,NULL,NULL,'user_simple','text','d]',NULL,NULL,NULL,'telegram','webkolghoz_bot','2019-01-24 13:01:10','2019-01-25 10:29:09',NULL,'436803671',NULL,1),(438,NULL,NULL,NULL,'user_simple','text','s',NULL,NULL,NULL,'telegram','webkolghoz_bot','2019-01-24 13:01:20','2019-01-25 10:29:09',NULL,'436803671',NULL,1),(439,NULL,NULL,NULL,'user_simple','text','9',NULL,NULL,NULL,'telegram','webkolghoz_bot','2019-01-24 13:01:24','2019-01-25 10:29:09',NULL,'436803671',NULL,1),(440,NULL,NULL,NULL,'user_simple','text','89',NULL,NULL,NULL,'telegram','webkolghoz_bot','2019-01-24 13:01:28','2019-01-25 10:29:09',NULL,'436803671',NULL,1),(441,NULL,NULL,NULL,'user_simple','text','88',NULL,NULL,NULL,'telegram','webkolghoz_bot','2019-01-24 13:01:32','2019-01-25 10:29:09',NULL,'436803671',NULL,1),(442,NULL,NULL,NULL,'user_simple','text','d]',NULL,NULL,NULL,'telegram','webkolghoz_bot','2019-01-24 13:02:12','2019-01-25 10:29:09',NULL,'436803671',NULL,1),(443,NULL,NULL,NULL,'user_simple','text','s',NULL,NULL,NULL,'telegram','webkolghoz_bot','2019-01-24 13:02:21','2019-01-25 10:29:09',NULL,'436803671',NULL,1),(444,NULL,NULL,NULL,'user_simple','text','9',NULL,NULL,NULL,'telegram','webkolghoz_bot','2019-01-24 13:02:26','2019-01-25 10:29:09',NULL,'436803671',NULL,1),(445,NULL,NULL,NULL,'user_simple','text','89',NULL,NULL,NULL,'telegram','webkolghoz_bot','2019-01-24 13:02:29','2019-01-25 10:29:09',NULL,'436803671',NULL,1),(446,NULL,NULL,NULL,'user_simple','text','88',NULL,NULL,NULL,'telegram','webkolghoz_bot','2019-01-24 13:02:33','2019-01-25 10:29:09',NULL,'436803671',NULL,1),(447,NULL,NULL,NULL,'user_simple','text','d]',NULL,NULL,NULL,'telegram','webkolghoz_bot','2019-01-24 13:03:13','2019-01-25 10:29:09',NULL,'436803671',NULL,1),(448,NULL,NULL,NULL,'user_simple','text','s',NULL,NULL,NULL,'telegram','webkolghoz_bot','2019-01-24 13:03:23','2019-01-25 10:29:09',NULL,'436803671',NULL,1),(449,NULL,NULL,NULL,'user_simple','text','9',NULL,NULL,NULL,'telegram','webkolghoz_bot','2019-01-24 13:03:27','2019-01-25 10:29:09',NULL,'436803671',NULL,1),(450,NULL,NULL,NULL,'user_simple','text','89',NULL,NULL,NULL,'telegram','webkolghoz_bot','2019-01-24 13:03:31','2019-01-25 10:29:09',NULL,'436803671',NULL,1),(451,NULL,NULL,NULL,'user_simple','text','88',NULL,NULL,NULL,'telegram','webkolghoz_bot','2019-01-24 13:03:35','2019-01-25 10:29:09',NULL,'436803671',NULL,1),(452,NULL,NULL,NULL,'user_simple','text','d]',NULL,NULL,NULL,'telegram','webkolghoz_bot','2019-01-24 13:04:15','2019-01-25 10:29:09',NULL,'436803671',NULL,1),(453,NULL,NULL,NULL,'user_simple','text','s',NULL,NULL,NULL,'telegram','webkolghoz_bot','2019-01-24 13:04:24','2019-01-25 10:29:09',NULL,'436803671',NULL,1),(454,NULL,NULL,NULL,'user_simple','text','9',NULL,NULL,NULL,'telegram','webkolghoz_bot','2019-01-24 13:04:28','2019-01-25 10:29:09',NULL,'436803671',NULL,1),(455,NULL,NULL,NULL,'user_simple','text','89',NULL,NULL,NULL,'telegram','webkolghoz_bot','2019-01-24 13:04:32','2019-01-25 10:29:09',NULL,'436803671',NULL,1),(456,NULL,NULL,NULL,'user_simple','text','88',NULL,NULL,NULL,'telegram','webkolghoz_bot','2019-01-24 13:04:36','2019-01-25 10:29:09',NULL,'436803671',NULL,1),(457,NULL,NULL,NULL,'user_simple','text','d]',NULL,NULL,NULL,'telegram','webkolghoz_bot','2019-01-24 13:05:16','2019-01-25 10:29:09',NULL,'436803671',NULL,1),(458,NULL,NULL,NULL,'user_simple','text','s',NULL,NULL,NULL,'telegram','webkolghoz_bot','2019-01-24 13:05:26','2019-01-25 10:29:09',NULL,'436803671',NULL,1),(459,NULL,NULL,NULL,'user_simple','text','9',NULL,NULL,NULL,'telegram','webkolghoz_bot','2019-01-24 13:05:30','2019-01-25 10:29:09',NULL,'436803671',NULL,1),(460,NULL,NULL,NULL,'user_simple','text','89',NULL,NULL,NULL,'telegram','webkolghoz_bot','2019-01-24 13:05:33','2019-01-25 10:29:09',NULL,'436803671',NULL,1),(461,NULL,NULL,NULL,'user_simple','text','88',NULL,NULL,NULL,'telegram','webkolghoz_bot','2019-01-24 13:05:38','2019-01-25 10:29:09',NULL,'436803671',NULL,1),(462,NULL,NULL,NULL,'user_simple','text','d]',NULL,NULL,NULL,'telegram','webkolghoz_bot','2019-01-24 13:06:18','2019-01-25 10:29:09',NULL,'436803671',NULL,1),(463,NULL,NULL,NULL,'user_simple','text','s',NULL,NULL,NULL,'telegram','webkolghoz_bot','2019-01-24 13:06:27','2019-01-25 10:29:09',NULL,'436803671',NULL,1),(464,NULL,NULL,NULL,'user_simple','text','9',NULL,NULL,NULL,'telegram','webkolghoz_bot','2019-01-24 13:06:31','2019-01-25 10:29:09',NULL,'436803671',NULL,1),(465,NULL,NULL,NULL,'user_simple','text','89',NULL,NULL,NULL,'telegram','webkolghoz_bot','2019-01-24 13:06:35','2019-01-25 10:29:09',NULL,'436803671',NULL,1),(466,NULL,NULL,NULL,'user_simple','text','88',NULL,NULL,NULL,'telegram','webkolghoz_bot','2019-01-24 13:06:39','2019-01-25 10:29:09',NULL,'436803671',NULL,1),(467,NULL,NULL,NULL,'user_simple','text','d]',NULL,NULL,NULL,'telegram','webkolghoz_bot','2019-01-24 13:07:19','2019-01-25 10:29:09',NULL,'436803671',NULL,1),(468,NULL,NULL,NULL,'user_simple','text','s',NULL,NULL,NULL,'telegram','webkolghoz_bot','2019-01-24 13:07:29','2019-01-25 10:29:09',NULL,'436803671',NULL,1),(469,NULL,NULL,NULL,'user_simple','text','9',NULL,NULL,NULL,'telegram','webkolghoz_bot','2019-01-24 13:07:32','2019-01-25 10:29:09',NULL,'436803671',NULL,1),(470,NULL,NULL,NULL,'user_simple','text','89',NULL,NULL,NULL,'telegram','webkolghoz_bot','2019-01-24 13:07:36','2019-01-25 10:29:09',NULL,'436803671',NULL,1),(471,NULL,NULL,NULL,'user_simple','text','88',NULL,NULL,NULL,'telegram','webkolghoz_bot','2019-01-24 13:07:40','2019-01-25 10:29:09',NULL,'436803671',NULL,1),(472,NULL,NULL,NULL,'user_simple','text','d]',NULL,NULL,NULL,'telegram','webkolghoz_bot','2019-01-24 13:08:21','2019-01-25 10:29:09',NULL,'436803671',NULL,1),(473,NULL,NULL,NULL,'user_simple','text','s',NULL,NULL,NULL,'telegram','webkolghoz_bot','2019-01-24 13:08:30','2019-01-25 10:29:09',NULL,'436803671',NULL,1),(474,NULL,NULL,NULL,'user_simple','text','9',NULL,NULL,NULL,'telegram','webkolghoz_bot','2019-01-24 13:08:34','2019-01-25 10:29:09',NULL,'436803671',NULL,1),(475,NULL,NULL,NULL,'user_simple','text','89',NULL,NULL,NULL,'telegram','webkolghoz_bot','2019-01-24 13:08:37','2019-01-25 10:29:09',NULL,'436803671',NULL,1),(476,NULL,NULL,NULL,'user_simple','text','88',NULL,NULL,NULL,'telegram','webkolghoz_bot','2019-01-24 13:08:42','2019-01-25 10:29:09',NULL,'436803671',NULL,1),(477,NULL,NULL,NULL,'user_simple','text','d]',NULL,NULL,NULL,'telegram','webkolghoz_bot','2019-01-24 13:09:22','2019-01-25 10:29:09',NULL,'436803671',NULL,1),(478,NULL,NULL,NULL,'user_simple','text','s',NULL,NULL,NULL,'telegram','webkolghoz_bot','2019-01-24 13:09:32','2019-01-25 10:29:09',NULL,'436803671',NULL,1),(479,NULL,NULL,NULL,'user_simple','text','9',NULL,NULL,NULL,'telegram','webkolghoz_bot','2019-01-24 13:09:36','2019-01-25 10:29:09',NULL,'436803671',NULL,1),(480,NULL,NULL,NULL,'user_simple','text','89',NULL,NULL,NULL,'telegram','webkolghoz_bot','2019-01-24 13:09:39','2019-01-25 10:29:09',NULL,'436803671',NULL,1),(481,NULL,NULL,NULL,'user_simple','text','88',NULL,NULL,NULL,'telegram','webkolghoz_bot','2019-01-24 13:09:44','2019-01-25 10:29:09',NULL,'436803671',NULL,1),(482,NULL,NULL,NULL,'user_simple','text','d]',NULL,NULL,NULL,'telegram','webkolghoz_bot','2019-01-24 13:10:24','2019-01-25 10:29:09',NULL,'436803671',NULL,1),(483,NULL,NULL,NULL,'user_simple','text','s',NULL,NULL,NULL,'telegram','webkolghoz_bot','2019-01-24 13:10:33','2019-01-25 10:29:09',NULL,'436803671',NULL,1),(484,NULL,NULL,NULL,'user_simple','text','9',NULL,NULL,NULL,'telegram','webkolghoz_bot','2019-01-24 13:10:37','2019-01-25 10:29:09',NULL,'436803671',NULL,1),(485,NULL,NULL,NULL,'user_simple','text','89',NULL,NULL,NULL,'telegram','webkolghoz_bot','2019-01-24 13:10:40','2019-01-25 10:29:09',NULL,'436803671',NULL,1),(486,NULL,NULL,NULL,'user_simple','text','88',NULL,NULL,NULL,'telegram','webkolghoz_bot','2019-01-24 13:10:45','2019-01-25 10:29:09',NULL,'436803671',NULL,1),(487,NULL,NULL,NULL,'user_simple','text','d]',NULL,NULL,NULL,'telegram','webkolghoz_bot','2019-01-24 13:11:25','2019-01-25 10:29:09',NULL,'436803671',NULL,1),(488,NULL,NULL,NULL,'user_simple','text','s',NULL,NULL,NULL,'telegram','webkolghoz_bot','2019-01-24 13:11:35','2019-01-25 10:29:09',NULL,'436803671',NULL,1),(489,NULL,NULL,NULL,'user_simple','text','9',NULL,NULL,NULL,'telegram','webkolghoz_bot','2019-01-24 13:11:40','2019-01-25 10:29:09',NULL,'436803671',NULL,1),(490,NULL,NULL,NULL,'user_simple','text','89',NULL,NULL,NULL,'telegram','webkolghoz_bot','2019-01-24 13:11:44','2019-01-25 10:29:09',NULL,'436803671',NULL,1),(491,NULL,NULL,NULL,'user_simple','text','88',NULL,NULL,NULL,'telegram','webkolghoz_bot','2019-01-24 13:11:49','2019-01-25 10:29:09',NULL,'436803671',NULL,1),(492,NULL,NULL,NULL,'user_simple','text','d]',NULL,NULL,NULL,'telegram','webkolghoz_bot','2019-01-24 13:12:28','2019-01-25 10:29:09',NULL,'436803671',NULL,1),(493,NULL,NULL,NULL,'user_simple','text','s',NULL,NULL,NULL,'telegram','webkolghoz_bot','2019-01-24 13:12:38','2019-01-25 10:29:09',NULL,'436803671',NULL,1),(494,NULL,NULL,NULL,'user_simple','text','9',NULL,NULL,NULL,'telegram','webkolghoz_bot','2019-01-24 13:12:43','2019-01-25 10:29:09',NULL,'436803671',NULL,1),(495,NULL,NULL,NULL,'user_simple','text','89',NULL,NULL,NULL,'telegram','webkolghoz_bot','2019-01-24 13:12:48','2019-01-25 10:29:09',NULL,'436803671',NULL,1),(496,NULL,NULL,NULL,'user_simple','text','88',NULL,NULL,NULL,'telegram','webkolghoz_bot','2019-01-24 13:12:52','2019-01-25 10:29:09',NULL,'436803671',NULL,1),(497,NULL,NULL,NULL,'user_simple','text','d]',NULL,NULL,NULL,'telegram','webkolghoz_bot','2019-01-24 13:13:32','2019-01-25 10:29:09',NULL,'436803671',NULL,1),(498,NULL,NULL,NULL,'user_simple','text','s',NULL,NULL,NULL,'telegram','webkolghoz_bot','2019-01-24 13:13:42','2019-01-25 10:29:09',NULL,'436803671',NULL,1),(499,NULL,NULL,NULL,'user_simple','text','9',NULL,NULL,NULL,'telegram','webkolghoz_bot','2019-01-24 13:13:46','2019-01-25 10:29:09',NULL,'436803671',NULL,1),(500,NULL,NULL,NULL,'user_simple','text','89',NULL,NULL,NULL,'telegram','webkolghoz_bot','2019-01-24 13:13:51','2019-01-25 10:29:09',NULL,'436803671',NULL,1),(501,NULL,NULL,NULL,'user_simple','text','88',NULL,NULL,NULL,'telegram','webkolghoz_bot','2019-01-24 13:13:55','2019-01-25 10:29:09',NULL,'436803671',NULL,1),(502,NULL,NULL,NULL,'user_simple','text','d]',NULL,NULL,NULL,'telegram','webkolghoz_bot','2019-01-24 13:14:35','2019-01-25 10:29:09',NULL,'436803671',NULL,1),(503,NULL,NULL,NULL,'user_simple','text','s',NULL,NULL,NULL,'telegram','webkolghoz_bot','2019-01-24 13:14:45','2019-01-25 10:29:09',NULL,'436803671',NULL,1),(504,NULL,NULL,NULL,'user_simple','text','9',NULL,NULL,NULL,'telegram','webkolghoz_bot','2019-01-24 13:14:50','2019-01-25 10:29:09',NULL,'436803671',NULL,1),(505,NULL,NULL,NULL,'user_simple','text','89',NULL,NULL,NULL,'telegram','webkolghoz_bot','2019-01-24 13:14:54','2019-01-25 10:29:09',NULL,'436803671',NULL,1),(506,NULL,NULL,NULL,'user_simple','text','88',NULL,NULL,NULL,'telegram','webkolghoz_bot','2019-01-24 13:14:59','2019-01-25 10:29:09',NULL,'436803671',NULL,1),(507,NULL,NULL,NULL,'user_simple','text','d]',NULL,NULL,NULL,'telegram','webkolghoz_bot','2019-01-24 13:15:38','2019-01-25 10:29:09',NULL,'436803671',NULL,1),(508,NULL,NULL,NULL,'user_simple','text','s',NULL,NULL,NULL,'telegram','webkolghoz_bot','2019-01-24 13:15:48','2019-01-25 10:29:09',NULL,'436803671',NULL,1),(509,NULL,NULL,NULL,'user_simple','text','9',NULL,NULL,NULL,'telegram','webkolghoz_bot','2019-01-24 13:15:53','2019-01-25 10:29:09',NULL,'436803671',NULL,1),(510,NULL,NULL,NULL,'user_simple','text','89',NULL,NULL,NULL,'telegram','webkolghoz_bot','2019-01-24 13:15:58','2019-01-25 10:29:09',NULL,'436803671',NULL,1),(511,NULL,NULL,NULL,'user_simple','text','88',NULL,NULL,NULL,'telegram','webkolghoz_bot','2019-01-24 13:16:02','2019-01-25 10:29:09',NULL,'436803671',NULL,1),(512,NULL,NULL,NULL,'user_simple','text','d]',NULL,NULL,NULL,'telegram','webkolghoz_bot','2019-01-24 13:16:42','2019-01-25 10:29:09',NULL,'436803671',NULL,1),(513,NULL,NULL,NULL,'user_simple','text','s',NULL,NULL,NULL,'telegram','webkolghoz_bot','2019-01-24 13:16:52','2019-01-25 10:29:09',NULL,'436803671',NULL,1),(514,NULL,NULL,NULL,'user_simple','text','9',NULL,NULL,NULL,'telegram','webkolghoz_bot','2019-01-24 13:16:57','2019-01-25 10:29:09',NULL,'436803671',NULL,1),(515,NULL,NULL,NULL,'user_simple','text','89',NULL,NULL,NULL,'telegram','webkolghoz_bot','2019-01-24 13:17:01','2019-01-25 10:29:09',NULL,'436803671',NULL,1),(516,NULL,NULL,NULL,'user_simple','text','88',NULL,NULL,NULL,'telegram','webkolghoz_bot','2019-01-24 13:17:06','2019-01-25 10:29:09',NULL,'436803671',NULL,1),(517,NULL,NULL,NULL,'user_simple','text','d]',NULL,NULL,NULL,'telegram','webkolghoz_bot','2019-01-24 13:17:43','2019-01-25 10:29:09',NULL,'436803671',NULL,1),(518,NULL,NULL,NULL,'user_simple','text','s',NULL,NULL,NULL,'telegram','webkolghoz_bot','2019-01-24 13:17:54','2019-01-25 10:29:09',NULL,'436803671',NULL,1),(519,NULL,NULL,NULL,'user_simple','text','9',NULL,NULL,NULL,'telegram','webkolghoz_bot','2019-01-24 13:17:58','2019-01-25 10:29:09',NULL,'436803671',NULL,1),(520,NULL,NULL,NULL,'user_simple','text','89',NULL,NULL,NULL,'telegram','webkolghoz_bot','2019-01-24 13:18:03','2019-01-25 10:29:09',NULL,'436803671',NULL,1),(521,NULL,NULL,NULL,'user_simple','text','88',NULL,NULL,NULL,'telegram','webkolghoz_bot','2019-01-24 13:18:07','2019-01-25 10:29:09',NULL,'436803671',NULL,1),(522,NULL,NULL,NULL,'user_simple','text','d]',NULL,NULL,NULL,'telegram','webkolghoz_bot','2019-01-24 13:18:45','2019-01-25 10:29:09',NULL,'436803671',NULL,1),(523,NULL,NULL,NULL,'user_simple','text','s',NULL,NULL,NULL,'telegram','webkolghoz_bot','2019-01-24 13:18:56','2019-01-25 10:29:09',NULL,'436803671',NULL,1),(524,NULL,NULL,NULL,'user_simple','text','9',NULL,NULL,NULL,'telegram','webkolghoz_bot','2019-01-24 13:19:00','2019-01-25 10:29:09',NULL,'436803671',NULL,1),(525,NULL,NULL,NULL,'user_simple','text','89',NULL,NULL,NULL,'telegram','webkolghoz_bot','2019-01-24 13:19:04','2019-01-25 10:29:09',NULL,'436803671',NULL,1),(526,NULL,NULL,NULL,'user_simple','text','88',NULL,NULL,NULL,'telegram','webkolghoz_bot','2019-01-24 13:19:09','2019-01-25 10:29:09',NULL,'436803671',NULL,1),(527,NULL,NULL,NULL,'user_simple','text','d]',NULL,NULL,NULL,'telegram','webkolghoz_bot','2019-01-24 13:19:46','2019-01-25 10:29:09',NULL,'436803671',NULL,1),(528,NULL,NULL,NULL,'user_simple','text','s',NULL,NULL,NULL,'telegram','webkolghoz_bot','2019-01-24 13:19:57','2019-01-25 10:29:09',NULL,'436803671',NULL,1),(529,NULL,NULL,NULL,'user_simple','text','9',NULL,NULL,NULL,'telegram','webkolghoz_bot','2019-01-24 13:20:01','2019-01-25 10:29:09',NULL,'436803671',NULL,1),(530,NULL,NULL,NULL,'user_simple','text','89',NULL,NULL,NULL,'telegram','webkolghoz_bot','2019-01-24 13:20:05','2019-01-25 10:29:09',NULL,'436803671',NULL,1),(531,NULL,NULL,NULL,'user_simple','text','88',NULL,NULL,NULL,'telegram','webkolghoz_bot','2019-01-24 13:20:10','2019-01-25 10:29:09',NULL,'436803671',NULL,1),(532,NULL,NULL,NULL,'user_simple','text','d]',NULL,NULL,NULL,'telegram','webkolghoz_bot','2019-01-24 13:20:48','2019-01-25 10:29:09',NULL,'436803671',NULL,1),(533,NULL,NULL,NULL,'user_simple','text','s',NULL,NULL,NULL,'telegram','webkolghoz_bot','2019-01-24 13:20:59','2019-01-25 10:29:09',NULL,'436803671',NULL,1),(534,NULL,NULL,NULL,'user_simple','text','9',NULL,NULL,NULL,'telegram','webkolghoz_bot','2019-01-24 13:21:03','2019-01-25 10:29:09',NULL,'436803671',NULL,1),(535,NULL,NULL,NULL,'user_simple','text','89',NULL,NULL,NULL,'telegram','webkolghoz_bot','2019-01-24 13:21:07','2019-01-25 10:29:09',NULL,'436803671',NULL,1),(536,NULL,NULL,NULL,'user_simple','text','88',NULL,NULL,NULL,'telegram','webkolghoz_bot','2019-01-24 13:21:12','2019-01-25 10:29:09',NULL,'436803671',NULL,1),(537,NULL,NULL,NULL,'user_simple','text','d]',NULL,NULL,NULL,'telegram','webkolghoz_bot','2019-01-24 13:21:49','2019-01-25 10:29:09',NULL,'436803671',NULL,1),(538,NULL,NULL,NULL,'user_simple','text','s',NULL,NULL,NULL,'telegram','webkolghoz_bot','2019-01-24 13:22:00','2019-01-25 10:29:09',NULL,'436803671',NULL,1),(539,NULL,NULL,NULL,'user_simple','text','9',NULL,NULL,NULL,'telegram','webkolghoz_bot','2019-01-24 13:22:04','2019-01-25 10:29:09',NULL,'436803671',NULL,1),(540,NULL,NULL,NULL,'user_simple','text','89',NULL,NULL,NULL,'telegram','webkolghoz_bot','2019-01-24 13:22:08','2019-01-25 10:29:09',NULL,'436803671',NULL,1),(541,NULL,NULL,NULL,'user_simple','text','88',NULL,NULL,NULL,'telegram','webkolghoz_bot','2019-01-24 13:22:13','2019-01-25 10:29:09',NULL,'436803671',NULL,1),(542,NULL,NULL,NULL,'user_simple','text','d]',NULL,NULL,NULL,'telegram','webkolghoz_bot','2019-01-24 13:22:51','2019-01-25 10:29:09',NULL,'436803671',NULL,1),(543,NULL,NULL,NULL,'user_simple','text','s',NULL,NULL,NULL,'telegram','webkolghoz_bot','2019-01-24 13:23:02','2019-01-25 10:29:09',NULL,'436803671',NULL,1),(544,NULL,NULL,NULL,'user_simple','text','9',NULL,NULL,NULL,'telegram','webkolghoz_bot','2019-01-24 13:23:06','2019-01-25 10:29:09',NULL,'436803671',NULL,1),(545,NULL,NULL,NULL,'user_simple','text','89',NULL,NULL,NULL,'telegram','webkolghoz_bot','2019-01-24 13:23:10','2019-01-25 10:29:09',NULL,'436803671',NULL,1),(546,NULL,NULL,NULL,'user_simple','text','88',NULL,NULL,NULL,'telegram','webkolghoz_bot','2019-01-24 13:23:15','2019-01-25 10:29:09',NULL,'436803671',NULL,1),(547,NULL,NULL,NULL,'user_simple','text','d]',NULL,NULL,NULL,'telegram','webkolghoz_bot','2019-01-24 13:23:52','2019-01-25 10:29:09',NULL,'436803671',NULL,1),(548,NULL,NULL,NULL,'user_simple','text','s',NULL,NULL,NULL,'telegram','webkolghoz_bot','2019-01-24 13:24:03','2019-01-25 10:29:09',NULL,'436803671',NULL,1),(549,NULL,NULL,NULL,'user_simple','text','9',NULL,NULL,NULL,'telegram','webkolghoz_bot','2019-01-24 13:24:07','2019-01-25 10:29:09',NULL,'436803671',NULL,1),(550,NULL,NULL,NULL,'user_simple','text','89',NULL,NULL,NULL,'telegram','webkolghoz_bot','2019-01-24 13:24:11','2019-01-25 10:29:09',NULL,'436803671',NULL,1),(551,NULL,NULL,NULL,'user_simple','text','88',NULL,NULL,NULL,'telegram','webkolghoz_bot','2019-01-24 13:24:16','2019-01-25 10:29:09',NULL,'436803671',NULL,1),(552,NULL,NULL,NULL,'user_simple','text','d]',NULL,NULL,NULL,'telegram','webkolghoz_bot','2019-01-24 13:24:54','2019-01-25 10:29:09',NULL,'436803671',NULL,1),(553,NULL,NULL,NULL,'user_simple','text','s',NULL,NULL,NULL,'telegram','webkolghoz_bot','2019-01-24 13:25:05','2019-01-25 10:29:09',NULL,'436803671',NULL,1),(554,NULL,NULL,NULL,'user_simple','text','9',NULL,NULL,NULL,'telegram','webkolghoz_bot','2019-01-24 13:25:09','2019-01-25 10:29:09',NULL,'436803671',NULL,1),(555,NULL,NULL,NULL,'user_simple','text','89',NULL,NULL,NULL,'telegram','webkolghoz_bot','2019-01-24 13:25:12','2019-01-25 10:29:09',NULL,'436803671',NULL,1),(556,NULL,NULL,NULL,'user_simple','text','88',NULL,NULL,NULL,'telegram','webkolghoz_bot','2019-01-24 13:25:18','2019-01-25 10:29:09',NULL,'436803671',NULL,1),(557,NULL,NULL,NULL,'user_simple','text','d]',NULL,NULL,NULL,'telegram','webkolghoz_bot','2019-01-24 13:25:55','2019-01-25 10:29:09',NULL,'436803671',NULL,1),(558,NULL,NULL,NULL,'user_simple','text','s',NULL,NULL,NULL,'telegram','webkolghoz_bot','2019-01-24 13:26:06','2019-01-25 10:29:09',NULL,'436803671',NULL,1),(559,NULL,NULL,NULL,'user_simple','text','9',NULL,NULL,NULL,'telegram','webkolghoz_bot','2019-01-24 13:26:10','2019-01-25 10:29:09',NULL,'436803671',NULL,1),(560,NULL,NULL,NULL,'user_simple','text','89',NULL,NULL,NULL,'telegram','webkolghoz_bot','2019-01-24 13:26:14','2019-01-25 10:29:09',NULL,'436803671',NULL,1),(561,NULL,NULL,NULL,'user_simple','text','88',NULL,NULL,NULL,'telegram','webkolghoz_bot','2019-01-24 13:26:19','2019-01-25 10:29:09',NULL,'436803671',NULL,1),(562,NULL,NULL,NULL,'user_simple','text','d]',NULL,NULL,NULL,'telegram','webkolghoz_bot','2019-01-24 13:26:56','2019-01-25 10:29:09',NULL,'436803671',NULL,1),(563,NULL,NULL,NULL,'user_simple','text','s',NULL,NULL,NULL,'telegram','webkolghoz_bot','2019-01-24 13:27:08','2019-01-25 10:29:09',NULL,'436803671',NULL,1),(564,NULL,NULL,NULL,'user_simple','text','9',NULL,NULL,NULL,'telegram','webkolghoz_bot','2019-01-24 13:27:13','2019-01-25 10:29:09',NULL,'436803671',NULL,1),(565,NULL,NULL,NULL,'user_simple','text','89',NULL,NULL,NULL,'telegram','webkolghoz_bot','2019-01-24 13:27:18','2019-01-25 10:29:09',NULL,'436803671',NULL,1),(566,NULL,NULL,NULL,'user_simple','text','88',NULL,NULL,NULL,'telegram','webkolghoz_bot','2019-01-24 13:27:22','2019-01-25 10:29:09',NULL,'436803671',NULL,1),(567,NULL,NULL,NULL,'user_simple','text','d]',NULL,NULL,NULL,'telegram','webkolghoz_bot','2019-01-24 13:28:00','2019-01-25 10:29:09',NULL,'436803671',NULL,1),(568,NULL,NULL,NULL,'user_simple','text','s',NULL,NULL,NULL,'telegram','webkolghoz_bot','2019-01-24 13:28:12','2019-01-25 10:29:09',NULL,'436803671',NULL,1),(569,NULL,NULL,NULL,'user_simple','text','9',NULL,NULL,NULL,'telegram','webkolghoz_bot','2019-01-24 13:28:16','2019-01-25 10:29:09',NULL,'436803671',NULL,1),(570,NULL,NULL,NULL,'user_simple','text','89',NULL,NULL,NULL,'telegram','webkolghoz_bot','2019-01-24 13:28:21','2019-01-25 10:29:09',NULL,'436803671',NULL,1),(571,NULL,NULL,NULL,'user_simple','text','88',NULL,NULL,NULL,'telegram','webkolghoz_bot','2019-01-24 13:28:26','2019-01-25 10:29:09',NULL,'436803671',NULL,1),(572,NULL,NULL,NULL,'user_simple','text','d]',NULL,NULL,NULL,'telegram','webkolghoz_bot','2019-01-24 13:29:03','2019-01-25 10:29:09',NULL,'436803671',NULL,1),(573,NULL,NULL,NULL,'user_simple','text','s',NULL,NULL,NULL,'telegram','webkolghoz_bot','2019-01-24 13:29:15','2019-01-25 10:29:09',NULL,'436803671',NULL,1),(574,NULL,NULL,NULL,'user_simple','text','9',NULL,NULL,NULL,'telegram','webkolghoz_bot','2019-01-24 13:29:20','2019-01-25 10:29:09',NULL,'436803671',NULL,1),(575,NULL,NULL,NULL,'user_simple','text','89',NULL,NULL,NULL,'telegram','webkolghoz_bot','2019-01-24 13:29:24','2019-01-25 10:29:09',NULL,'436803671',NULL,1),(576,NULL,NULL,NULL,'user_simple','text','88',NULL,NULL,NULL,'telegram','webkolghoz_bot','2019-01-24 13:29:29','2019-01-25 10:29:09',NULL,'436803671',NULL,1),(577,NULL,NULL,NULL,'user_simple','text','d]',NULL,NULL,NULL,'telegram','webkolghoz_bot','2019-01-24 13:30:06','2019-01-25 10:29:09',NULL,'436803671',NULL,1),(578,NULL,NULL,NULL,'user_simple','text','s',NULL,NULL,NULL,'telegram','webkolghoz_bot','2019-01-24 13:30:19','2019-01-25 10:29:09',NULL,'436803671',NULL,1),(579,NULL,NULL,NULL,'user_simple','text','9',NULL,NULL,NULL,'telegram','webkolghoz_bot','2019-01-24 13:30:23','2019-01-25 10:29:09',NULL,'436803671',NULL,1),(580,NULL,NULL,NULL,'user_simple','text','89',NULL,NULL,NULL,'telegram','webkolghoz_bot','2019-01-24 13:30:28','2019-01-25 10:29:09',NULL,'436803671',NULL,1),(581,NULL,NULL,NULL,'user_simple','text','88',NULL,NULL,NULL,'telegram','webkolghoz_bot','2019-01-24 13:30:32','2019-01-25 10:29:09',NULL,'436803671',NULL,1),(582,NULL,NULL,NULL,'user_simple','text','d]',NULL,NULL,NULL,'telegram','webkolghoz_bot','2019-01-24 13:31:09','2019-01-25 10:29:09',NULL,'436803671',NULL,1),(583,NULL,NULL,NULL,'user_simple','text','s',NULL,NULL,NULL,'telegram','webkolghoz_bot','2019-01-24 13:31:22','2019-01-25 10:29:09',NULL,'436803671',NULL,1),(584,NULL,NULL,NULL,'user_simple','text','9',NULL,NULL,NULL,'telegram','webkolghoz_bot','2019-01-24 13:31:27','2019-01-25 10:29:09',NULL,'436803671',NULL,1),(585,NULL,NULL,NULL,'user_simple','text','89',NULL,NULL,NULL,'telegram','webkolghoz_bot','2019-01-24 13:31:31','2019-01-25 10:29:09',NULL,'436803671',NULL,1),(586,NULL,NULL,NULL,'user_simple','text','88',NULL,NULL,NULL,'telegram','webkolghoz_bot','2019-01-24 13:31:36','2019-01-25 10:29:09',NULL,'436803671',NULL,1),(587,NULL,NULL,NULL,'user_simple','text','d]',NULL,NULL,NULL,'telegram','webkolghoz_bot','2019-01-24 13:32:12','2019-01-25 10:29:09',NULL,'436803671',NULL,1),(588,NULL,NULL,NULL,'user_simple','text','s',NULL,NULL,NULL,'telegram','webkolghoz_bot','2019-01-24 13:32:25','2019-01-25 10:29:09',NULL,'436803671',NULL,1),(589,NULL,NULL,NULL,'user_simple','text','9',NULL,NULL,NULL,'telegram','webkolghoz_bot','2019-01-24 13:32:30','2019-01-25 10:29:09',NULL,'436803671',NULL,1),(590,NULL,NULL,NULL,'user_simple','text','89',NULL,NULL,NULL,'telegram','webkolghoz_bot','2019-01-24 13:32:35','2019-01-25 10:29:09',NULL,'436803671',NULL,1),(591,NULL,NULL,NULL,'user_simple','text','88',NULL,NULL,NULL,'telegram','webkolghoz_bot','2019-01-24 13:32:39','2019-01-25 10:29:09',NULL,'436803671',NULL,1),(592,NULL,NULL,NULL,'user_simple','text','d]',NULL,NULL,NULL,'telegram','webkolghoz_bot','2019-01-24 13:33:15','2019-01-25 10:29:09',NULL,'436803671',NULL,1),(593,NULL,NULL,NULL,'user_simple','text','s',NULL,NULL,NULL,'telegram','webkolghoz_bot','2019-01-24 13:33:29','2019-01-25 10:29:09',NULL,'436803671',NULL,1),(594,NULL,NULL,NULL,'user_simple','text','9',NULL,NULL,NULL,'telegram','webkolghoz_bot','2019-01-24 13:33:34','2019-01-25 10:29:09',NULL,'436803671',NULL,1),(595,NULL,NULL,NULL,'user_simple','text','89',NULL,NULL,NULL,'telegram','webkolghoz_bot','2019-01-24 13:33:38','2019-01-25 10:29:09',NULL,'436803671',NULL,1),(596,NULL,NULL,NULL,'user_simple','text','88',NULL,NULL,NULL,'telegram','webkolghoz_bot','2019-01-24 13:33:43','2019-01-25 10:29:09',NULL,'436803671',NULL,1),(597,NULL,NULL,NULL,'user_simple','text','d]',NULL,NULL,NULL,'telegram','webkolghoz_bot','2019-01-24 13:34:19','2019-01-25 10:29:09',NULL,'436803671',NULL,1),(598,NULL,NULL,NULL,'user_simple','text','s',NULL,NULL,NULL,'telegram','webkolghoz_bot','2019-01-24 13:34:32','2019-01-25 10:29:09',NULL,'436803671',NULL,1),(599,NULL,NULL,NULL,'user_simple','text','9',NULL,NULL,NULL,'telegram','webkolghoz_bot','2019-01-24 13:34:37','2019-01-25 10:29:09',NULL,'436803671',NULL,1),(600,NULL,NULL,NULL,'user_simple','text','89',NULL,NULL,NULL,'telegram','webkolghoz_bot','2019-01-24 13:34:42','2019-01-25 10:29:09',NULL,'436803671',NULL,1),(601,NULL,NULL,NULL,'user_simple','text','88',NULL,NULL,NULL,'telegram','webkolghoz_bot','2019-01-24 13:34:46','2019-01-25 10:29:09',NULL,'436803671',NULL,1),(602,NULL,NULL,NULL,'user_simple','text','d]',NULL,NULL,NULL,'telegram','webkolghoz_bot','2019-01-24 13:35:22','2019-01-25 10:29:09',NULL,'436803671',NULL,1),(603,NULL,NULL,NULL,'user_simple','text','s',NULL,NULL,NULL,'telegram','webkolghoz_bot','2019-01-24 13:35:36','2019-01-25 10:29:09',NULL,'436803671',NULL,1),(604,NULL,NULL,NULL,'user_simple','text','9',NULL,NULL,NULL,'telegram','webkolghoz_bot','2019-01-24 13:35:40','2019-01-25 10:29:09',NULL,'436803671',NULL,1),(605,NULL,NULL,NULL,'user_simple','text','89',NULL,NULL,NULL,'telegram','webkolghoz_bot','2019-01-24 13:35:45','2019-01-25 10:29:09',NULL,'436803671',NULL,1),(606,NULL,NULL,NULL,'user_simple','text','88',NULL,NULL,NULL,'telegram','webkolghoz_bot','2019-01-24 13:35:50','2019-01-25 10:29:09',NULL,'436803671',NULL,1),(607,NULL,NULL,NULL,'user_simple','text','d]',NULL,NULL,NULL,'telegram','webkolghoz_bot','2019-01-24 13:36:26','2019-01-25 10:29:09',NULL,'436803671',NULL,1),(608,NULL,NULL,NULL,'user_simple','text','s',NULL,NULL,NULL,'telegram','webkolghoz_bot','2019-01-24 13:36:40','2019-01-25 10:29:09',NULL,'436803671',NULL,1),(609,NULL,NULL,NULL,'user_simple','text','9',NULL,NULL,NULL,'telegram','webkolghoz_bot','2019-01-24 13:36:45','2019-01-25 10:29:09',NULL,'436803671',NULL,1),(610,NULL,NULL,NULL,'user_simple','text','89',NULL,NULL,NULL,'telegram','webkolghoz_bot','2019-01-24 13:36:49','2019-01-25 10:29:09',NULL,'436803671',NULL,1),(611,NULL,NULL,NULL,'user_simple','text','88',NULL,NULL,NULL,'telegram','webkolghoz_bot','2019-01-24 13:36:54','2019-01-25 10:29:09',NULL,'436803671',NULL,1),(612,NULL,NULL,NULL,'user_simple','text','d]',NULL,NULL,NULL,'telegram','webkolghoz_bot','2019-01-24 13:37:29','2019-01-25 10:29:09',NULL,'436803671',NULL,1),(613,NULL,NULL,NULL,'user_simple','text','s',NULL,NULL,NULL,'telegram','webkolghoz_bot','2019-01-24 13:37:43','2019-01-25 10:29:09',NULL,'436803671',NULL,1),(614,NULL,NULL,NULL,'user_simple','text','9',NULL,NULL,NULL,'telegram','webkolghoz_bot','2019-01-24 13:37:48','2019-01-25 10:29:09',NULL,'436803671',NULL,1),(615,NULL,NULL,NULL,'user_simple','text','89',NULL,NULL,NULL,'telegram','webkolghoz_bot','2019-01-24 13:37:52','2019-01-25 10:29:09',NULL,'436803671',NULL,1),(616,NULL,NULL,NULL,'user_simple','text','88',NULL,NULL,NULL,'telegram','webkolghoz_bot','2019-01-24 13:37:57','2019-01-25 10:29:09',NULL,'436803671',NULL,1),(617,NULL,NULL,NULL,'user_simple','text','d]',NULL,NULL,NULL,'telegram','webkolghoz_bot','2019-01-24 13:38:33','2019-01-25 10:29:09',NULL,'436803671',NULL,1),(618,NULL,NULL,NULL,'user_simple','text','s',NULL,NULL,NULL,'telegram','webkolghoz_bot','2019-01-24 13:38:46','2019-01-25 10:29:09',NULL,'436803671',NULL,1),(619,NULL,NULL,NULL,'user_simple','text','9',NULL,NULL,NULL,'telegram','webkolghoz_bot','2019-01-24 13:38:51','2019-01-25 10:29:09',NULL,'436803671',NULL,1),(620,NULL,NULL,NULL,'user_simple','text','89',NULL,NULL,NULL,'telegram','webkolghoz_bot','2019-01-24 13:38:56','2019-01-25 10:29:09',NULL,'436803671',NULL,1),(621,NULL,NULL,NULL,'user_simple','text','88',NULL,NULL,NULL,'telegram','webkolghoz_bot','2019-01-24 13:39:01','2019-01-25 10:29:09',NULL,'436803671',NULL,1),(622,NULL,NULL,NULL,'user_simple','text','d]',NULL,NULL,NULL,'telegram','webkolghoz_bot','2019-01-24 13:39:36','2019-01-25 10:29:09',NULL,'436803671',NULL,1),(623,NULL,NULL,NULL,'user_simple','text','s',NULL,NULL,NULL,'telegram','webkolghoz_bot','2019-01-24 13:39:50','2019-01-25 10:29:09',NULL,'436803671',NULL,1),(624,NULL,NULL,NULL,'user_simple','text','9',NULL,NULL,NULL,'telegram','webkolghoz_bot','2019-01-24 13:39:54','2019-01-25 10:29:09',NULL,'436803671',NULL,1),(625,NULL,NULL,NULL,'user_simple','text','89',NULL,NULL,NULL,'telegram','webkolghoz_bot','2019-01-24 13:39:59','2019-01-25 10:29:09',NULL,'436803671',NULL,1),(626,NULL,NULL,NULL,'user_simple','text','88',NULL,NULL,NULL,'telegram','webkolghoz_bot','2019-01-24 13:40:04','2019-01-25 10:29:09',NULL,'436803671',NULL,1),(627,NULL,NULL,NULL,'user_simple','text','d]',NULL,NULL,NULL,'telegram','webkolghoz_bot','2019-01-24 13:40:39','2019-01-25 10:29:09',NULL,'436803671',NULL,1),(628,NULL,NULL,NULL,'user_simple','text','s',NULL,NULL,NULL,'telegram','webkolghoz_bot','2019-01-24 13:40:53','2019-01-25 10:29:09',NULL,'436803671',NULL,1),(629,NULL,NULL,NULL,'user_simple','text','9',NULL,NULL,NULL,'telegram','webkolghoz_bot','2019-01-24 13:40:58','2019-01-25 10:29:09',NULL,'436803671',NULL,1),(630,NULL,NULL,NULL,'user_simple','text','89',NULL,NULL,NULL,'telegram','webkolghoz_bot','2019-01-24 13:41:02','2019-01-25 10:29:09',NULL,'436803671',NULL,1),(631,NULL,NULL,NULL,'user_simple','text','88',NULL,NULL,NULL,'telegram','webkolghoz_bot','2019-01-24 13:41:07','2019-01-25 10:29:09',NULL,'436803671',NULL,1),(632,NULL,NULL,NULL,'user_simple','text','d]',NULL,NULL,NULL,'telegram','webkolghoz_bot','2019-01-24 13:41:42','2019-01-25 10:29:09',NULL,'436803671',NULL,1),(633,NULL,NULL,NULL,'user_simple','text','s',NULL,NULL,NULL,'telegram','webkolghoz_bot','2019-01-24 13:41:56','2019-01-25 10:29:09',NULL,'436803671',NULL,1),(634,NULL,NULL,NULL,'user_simple','text','9',NULL,NULL,NULL,'telegram','webkolghoz_bot','2019-01-24 13:42:02','2019-01-25 10:29:09',NULL,'436803671',NULL,1),(635,NULL,NULL,NULL,'user_simple','text','89',NULL,NULL,NULL,'telegram','webkolghoz_bot','2019-01-24 13:42:06','2019-01-25 10:29:09',NULL,'436803671',NULL,1),(636,NULL,NULL,NULL,'user_simple','text','88',NULL,NULL,NULL,'telegram','webkolghoz_bot','2019-01-24 13:42:11','2019-01-25 10:29:09',NULL,'436803671',NULL,1),(637,NULL,NULL,NULL,'user_simple','text','d]',NULL,NULL,NULL,'telegram','webkolghoz_bot','2019-01-24 13:42:46','2019-01-25 10:29:09',NULL,'436803671',NULL,1),(638,NULL,NULL,NULL,'user_simple','text','s',NULL,NULL,NULL,'telegram','webkolghoz_bot','2019-01-24 13:43:00','2019-01-25 10:29:09',NULL,'436803671',NULL,1),(639,NULL,NULL,NULL,'user_simple','text','9',NULL,NULL,NULL,'telegram','webkolghoz_bot','2019-01-24 13:43:06','2019-01-25 10:29:09',NULL,'436803671',NULL,1),(640,NULL,NULL,NULL,'user_simple','text','89',NULL,NULL,NULL,'telegram','webkolghoz_bot','2019-01-24 13:43:10','2019-01-25 10:29:09',NULL,'436803671',NULL,1),(641,NULL,NULL,NULL,'user_simple','text','88',NULL,NULL,NULL,'telegram','webkolghoz_bot','2019-01-24 13:43:15','2019-01-25 10:29:09',NULL,'436803671',NULL,1),(642,NULL,NULL,NULL,'user_simple','text','d]',NULL,NULL,NULL,'telegram','webkolghoz_bot','2019-01-24 13:43:49','2019-01-25 10:29:09',NULL,'436803671',NULL,1),(643,NULL,NULL,NULL,'user_simple','text','s',NULL,NULL,NULL,'telegram','webkolghoz_bot','2019-01-24 13:44:04','2019-01-25 10:29:09',NULL,'436803671',NULL,1),(644,NULL,NULL,NULL,'user_simple','text','9',NULL,NULL,NULL,'telegram','webkolghoz_bot','2019-01-24 13:44:09','2019-01-25 10:29:09',NULL,'436803671',NULL,1),(645,NULL,NULL,NULL,'user_simple','text','89',NULL,NULL,NULL,'telegram','webkolghoz_bot','2019-01-24 13:44:14','2019-01-25 10:29:09',NULL,'436803671',NULL,1),(646,NULL,NULL,NULL,'user_simple','text','88',NULL,NULL,NULL,'telegram','webkolghoz_bot','2019-01-24 13:44:18','2019-01-25 10:29:09',NULL,'436803671',NULL,1),(647,NULL,NULL,NULL,'user_simple','text','d]',NULL,NULL,NULL,'telegram','webkolghoz_bot','2019-01-24 13:44:53','2019-01-25 10:29:09',NULL,'436803671',NULL,1),(648,NULL,NULL,NULL,'user_simple','text','s',NULL,NULL,NULL,'telegram','webkolghoz_bot','2019-01-24 13:45:07','2019-01-25 10:29:09',NULL,'436803671',NULL,1),(649,NULL,NULL,NULL,'user_simple','text','9',NULL,NULL,NULL,'telegram','webkolghoz_bot','2019-01-24 13:45:13','2019-01-25 10:29:09',NULL,'436803671',NULL,1),(650,NULL,NULL,NULL,'user_simple','text','89',NULL,NULL,NULL,'telegram','webkolghoz_bot','2019-01-24 13:45:17','2019-01-25 10:29:09',NULL,'436803671',NULL,1),(651,NULL,NULL,NULL,'user_simple','text','88',NULL,NULL,NULL,'telegram','webkolghoz_bot','2019-01-24 13:45:21','2019-01-25 10:29:09',NULL,'436803671',NULL,1),(652,NULL,NULL,NULL,'user_simple','text','d]',NULL,NULL,NULL,'telegram','webkolghoz_bot','2019-01-24 13:45:56','2019-01-25 10:29:09',NULL,'436803671',NULL,1),(653,NULL,NULL,NULL,'user_simple','text','s',NULL,NULL,NULL,'telegram','webkolghoz_bot','2019-01-24 13:46:10','2019-01-25 10:29:09',NULL,'436803671',NULL,1),(654,NULL,NULL,NULL,'user_simple','text','9',NULL,NULL,NULL,'telegram','webkolghoz_bot','2019-01-24 13:46:16','2019-01-25 10:29:09',NULL,'436803671',NULL,1),(655,NULL,NULL,NULL,'user_simple','text','89',NULL,NULL,NULL,'telegram','webkolghoz_bot','2019-01-24 13:46:20','2019-01-25 10:29:09',NULL,'436803671',NULL,1),(656,NULL,NULL,NULL,'user_simple','text','88',NULL,NULL,NULL,'telegram','webkolghoz_bot','2019-01-24 13:46:25','2019-01-25 10:29:09',NULL,'436803671',NULL,1),(657,NULL,NULL,NULL,'user_simple','text','d]',NULL,NULL,NULL,'telegram','webkolghoz_bot','2019-01-24 13:47:00','2019-01-25 10:29:09',NULL,'436803671',NULL,1),(658,NULL,NULL,NULL,'user_simple','text','s',NULL,NULL,NULL,'telegram','webkolghoz_bot','2019-01-24 13:47:14','2019-01-25 10:29:09',NULL,'436803671',NULL,1),(659,NULL,NULL,NULL,'user_simple','text','9',NULL,NULL,NULL,'telegram','webkolghoz_bot','2019-01-24 13:47:19','2019-01-25 10:29:09',NULL,'436803671',NULL,1),(660,NULL,NULL,NULL,'user_simple','text','89',NULL,NULL,NULL,'telegram','webkolghoz_bot','2019-01-24 13:47:24','2019-01-25 10:29:09',NULL,'436803671',NULL,1),(661,NULL,NULL,NULL,'user_simple','text','88',NULL,NULL,NULL,'telegram','webkolghoz_bot','2019-01-24 13:47:28','2019-01-25 10:29:09',NULL,'436803671',NULL,1),(662,NULL,NULL,NULL,'user_simple','text','d]',NULL,NULL,NULL,'telegram','webkolghoz_bot','2019-01-24 13:48:03','2019-01-25 10:29:09',NULL,'436803671',NULL,1),(663,NULL,NULL,NULL,'user_simple','text','s',NULL,NULL,NULL,'telegram','webkolghoz_bot','2019-01-24 13:48:17','2019-01-25 10:29:09',NULL,'436803671',NULL,1),(664,NULL,NULL,NULL,'user_simple','text','9',NULL,NULL,NULL,'telegram','webkolghoz_bot','2019-01-24 13:48:23','2019-01-25 10:29:09',NULL,'436803671',NULL,1),(665,NULL,NULL,NULL,'user_simple','text','89',NULL,NULL,NULL,'telegram','webkolghoz_bot','2019-01-24 13:48:28','2019-01-25 10:29:09',NULL,'436803671',NULL,1),(666,NULL,NULL,NULL,'user_simple','text','88',NULL,NULL,NULL,'telegram','webkolghoz_bot','2019-01-24 13:48:32','2019-01-25 10:29:09',NULL,'436803671',NULL,1),(667,NULL,NULL,NULL,'user_simple','text','d]',NULL,NULL,NULL,'telegram','webkolghoz_bot','2019-01-24 13:49:06','2019-01-25 10:29:09',NULL,'436803671',NULL,1),(668,NULL,NULL,NULL,'user_simple','text','s',NULL,NULL,NULL,'telegram','webkolghoz_bot','2019-01-24 13:49:21','2019-01-25 10:29:09',NULL,'436803671',NULL,1),(669,NULL,NULL,NULL,'user_simple','text','9',NULL,NULL,NULL,'telegram','webkolghoz_bot','2019-01-24 13:49:27','2019-01-25 10:29:09',NULL,'436803671',NULL,1),(670,NULL,NULL,NULL,'user_simple','text','89',NULL,NULL,NULL,'telegram','webkolghoz_bot','2019-01-24 13:49:32','2019-01-25 10:29:09',NULL,'436803671',NULL,1),(671,NULL,NULL,NULL,'user_simple','text','88',NULL,NULL,NULL,'telegram','webkolghoz_bot','2019-01-24 13:49:37','2019-01-25 10:29:09',NULL,'436803671',NULL,1),(672,NULL,NULL,NULL,'user_simple','text','d]',NULL,NULL,NULL,'telegram','webkolghoz_bot','2019-01-24 13:50:10','2019-01-25 10:29:09',NULL,'436803671',NULL,1),(673,NULL,NULL,NULL,'user_simple','text','s',NULL,NULL,NULL,'telegram','webkolghoz_bot','2019-01-24 13:50:25','2019-01-25 10:29:09',NULL,'436803671',NULL,1),(674,NULL,NULL,NULL,'user_simple','text','9',NULL,NULL,NULL,'telegram','webkolghoz_bot','2019-01-24 13:50:31','2019-01-25 10:29:09',NULL,'436803671',NULL,1),(675,NULL,NULL,NULL,'user_simple','text','89',NULL,NULL,NULL,'telegram','webkolghoz_bot','2019-01-24 13:50:35','2019-01-25 10:29:09',NULL,'436803671',NULL,1),(676,NULL,NULL,NULL,'user_simple','text','88',NULL,NULL,NULL,'telegram','webkolghoz_bot','2019-01-24 13:50:40','2019-01-25 10:29:09',NULL,'436803671',NULL,1),(677,NULL,NULL,NULL,'user_simple','text','d]',NULL,NULL,NULL,'telegram','webkolghoz_bot','2019-01-24 13:51:13','2019-01-25 10:29:09',NULL,'436803671',NULL,1),(678,NULL,NULL,NULL,'user_simple','text','s',NULL,NULL,NULL,'telegram','webkolghoz_bot','2019-01-24 13:51:28','2019-01-25 10:29:09',NULL,'436803671',NULL,1),(679,NULL,NULL,NULL,'user_simple','text','4+',NULL,NULL,NULL,'telegram','webkolghoz_bot','2019-01-24 13:51:29','2019-01-25 10:29:09',NULL,'436803671',NULL,1),(680,NULL,NULL,NULL,'user_simple','text','9',NULL,NULL,NULL,'telegram','webkolghoz_bot','2019-01-24 13:51:34','2019-01-25 10:29:09',NULL,'436803671',NULL,1),(681,NULL,NULL,NULL,'user_simple','text','55',NULL,NULL,NULL,'telegram','webkolghoz_bot','2019-01-24 13:51:35','2019-01-25 10:29:09',NULL,'436803671',NULL,1),(682,NULL,NULL,NULL,'user_simple','text','89',NULL,NULL,NULL,'telegram','webkolghoz_bot','2019-01-24 13:51:39','2019-01-25 10:29:09',NULL,'436803671',NULL,1),(683,NULL,NULL,NULL,'user_simple','text','555',NULL,NULL,NULL,'telegram','webkolghoz_bot','2019-01-24 13:51:40','2019-01-25 10:29:09',NULL,'436803671',NULL,1),(684,NULL,NULL,NULL,'user_simple','text','88',NULL,NULL,NULL,'telegram','webkolghoz_bot','2019-01-24 13:51:43','2019-01-25 10:29:09',NULL,'436803671',NULL,1),(685,NULL,NULL,NULL,'bot_simple','text','ggggg',NULL,NULL,NULL,'telegram','webkolghoz_bot','2019-01-24 15:04:14','2019-01-25 10:29:09',NULL,'436803671',NULL,1),(686,NULL,NULL,NULL,'bot_simple','text','fghfgh',NULL,NULL,NULL,'telegram','webkolghoz_bot','2019-01-24 15:05:32','2019-01-25 10:29:09',NULL,'436803671',NULL,1),(687,NULL,NULL,NULL,'bot_simple','text','dfsd',NULL,NULL,NULL,'telegram','webkolghoz_bot','2019-01-24 15:06:22','2019-01-25 10:29:09',NULL,'436803671',NULL,1),(688,NULL,NULL,NULL,'bot_simple','text','dd',NULL,NULL,NULL,'telegram','webkolghoz_bot','2019-01-24 15:16:25','2019-01-25 10:29:09',NULL,'436803671',NULL,1),(689,NULL,NULL,NULL,'user_simple','text','tuytyu',NULL,NULL,NULL,'telegram','webkolghoz_bot','2019-01-25 08:20:52','2019-01-25 10:29:09',NULL,'436803671',NULL,1);

/*Table structure for table `events` */

DROP TABLE IF EXISTS `events`;

CREATE TABLE `events` (
  `id` int(10) unsigned NOT NULL AUTO_INCREMENT,
  `name` varchar(191) COLLATE utf8mb4_unicode_ci NOT NULL,
  `description` varchar(191) COLLATE utf8mb4_unicode_ci DEFAULT NULL,
  `created_at` timestamp NULL DEFAULT NULL,
  `updated_at` timestamp NULL DEFAULT NULL,
  `deleted_at` timestamp NULL DEFAULT NULL,
  `project_id` int(10) unsigned NOT NULL,
  PRIMARY KEY (`id`),
  KEY `events_project_id_foreign` (`project_id`),
  CONSTRAINT `events_project_id_foreign` FOREIGN KEY (`project_id`) REFERENCES `projects` (`id`)
) ENGINE=InnoDB AUTO_INCREMENT=2 DEFAULT CHARSET=utf8mb4 COLLATE=utf8mb4_unicode_ci;

/*Data for the table `events` */

insert  into `events`(`id`,`name`,`description`,`created_at`,`updated_at`,`deleted_at`,`project_id`) values (1,' ','wad awd awd awdawd awd awd awd awd','2018-12-05 09:05:41','2018-12-26 11:06:43',NULL,7);

/*Table structure for table `gateway_settings` */

DROP TABLE IF EXISTS `gateway_settings`;

CREATE TABLE `gateway_settings` (
  `id` int(10) unsigned NOT NULL AUTO_INCREMENT,
  `project_messenger_id` int(10) unsigned NOT NULL,
  `field_name` varchar(191) COLLATE utf8mb4_unicode_ci NOT NULL,
  `field_value` varchar(191) COLLATE utf8mb4_unicode_ci NOT NULL,
  `created_at` timestamp NULL DEFAULT NULL,
  `updated_at` timestamp NULL DEFAULT NULL,
  `deleted_at` timestamp NULL DEFAULT NULL,
  PRIMARY KEY (`id`),
  KEY `gateway_settings_project_messenger_id_foreign` (`project_messenger_id`),
  CONSTRAINT `gateway_settings_project_messenger_id_foreign` FOREIGN KEY (`project_messenger_id`) REFERENCES `project_messengers` (`id`)
) ENGINE=InnoDB AUTO_INCREMENT=58 DEFAULT CHARSET=utf8mb4 COLLATE=utf8mb4_unicode_ci;

/*Data for the table `gateway_settings` */

insert  into `gateway_settings`(`id`,`project_messenger_id`,`field_name`,`field_value`,`created_at`,`updated_at`,`deleted_at`) values (1,3,'da','daaaa','2018-12-12 07:01:57','2018-12-12 07:01:57',NULL),(2,5,'da','dddd','2018-12-12 07:23:46','2018-12-12 07:23:46',NULL),(3,6,'da','ddddddd','2018-12-13 04:31:54','2018-12-26 11:22:13','2018-12-26 11:22:13'),(4,7,'token','','2018-12-26 11:22:13','2019-01-16 06:02:55','2019-01-16 06:02:55'),(6,7,'token','','2019-01-16 06:02:55','2019-01-16 06:47:06','2019-01-16 06:47:06'),(7,7,'test1','dadad','2019-01-16 06:02:55','2019-01-16 06:47:06','2019-01-16 06:47:06'),(8,7,'test2','adadada','2019-01-16 06:02:55','2019-01-16 06:47:06','2019-01-16 06:47:06'),(9,7,'token','','2019-01-16 06:47:06','2019-01-16 06:52:02','2019-01-16 06:52:02'),(10,7,'test1','dadad','2019-01-16 06:47:07','2019-01-16 06:52:02','2019-01-16 06:52:02'),(11,7,'test2','adadada','2019-01-16 06:47:07','2019-01-16 06:52:02','2019-01-16 06:52:02'),(12,7,'token','','2019-01-16 06:52:02','2019-01-16 06:58:54','2019-01-16 06:58:54'),(13,7,'test1','dadad','2019-01-16 06:52:02','2019-01-16 06:58:54','2019-01-16 06:58:54'),(14,7,'test2','adadada','2019-01-16 06:52:02','2019-01-16 06:58:54','2019-01-16 06:58:54'),(15,7,'token','','2019-01-16 06:58:54','2019-01-16 06:59:19','2019-01-16 06:59:19'),(16,7,'test1','dadad','2019-01-16 06:58:54','2019-01-16 06:59:19','2019-01-16 06:59:19'),(17,7,'test2','adadada','2019-01-16 06:58:54','2019-01-16 06:59:19','2019-01-16 06:59:19'),(18,7,'token','','2019-01-16 06:59:19','2019-01-16 07:37:59','2019-01-16 07:37:59'),(19,7,'test1','dadad','2019-01-16 06:59:19','2019-01-16 07:37:59','2019-01-16 07:37:59'),(20,7,'test2','adadada','2019-01-16 06:59:19','2019-01-16 07:37:59','2019-01-16 07:37:59'),(21,7,'token','111','2019-01-16 07:37:59','2019-01-17 05:45:15','2019-01-17 05:45:15'),(22,7,'test1','dadad','2019-01-16 07:37:59','2019-01-17 05:45:15','2019-01-17 05:45:15'),(23,7,'test2','adadada','2019-01-16 07:37:59','2019-01-17 05:45:15','2019-01-17 05:45:15'),(24,7,'token','111','2019-01-17 05:45:15','2019-01-24 10:20:56','2019-01-24 10:20:56'),(25,7,'test1','dadad','2019-01-17 05:45:16','2019-01-24 10:20:56','2019-01-24 10:20:56'),(26,7,'test2','adadada','2019-01-17 05:45:16','2019-01-24 10:20:56','2019-01-24 10:20:56'),(27,8,'name','kolghozi_naghagah','2019-01-24 10:25:39','2019-01-24 10:35:23','2019-01-24 10:35:23'),(28,8,'username','webkolghoz_bot','2019-01-24 10:25:39','2019-01-24 10:35:23','2019-01-24 10:35:23'),(29,8,'token','594949732:AAE7_xrFytVJmc2QPeZ3VP0im1seLvGd6Sk','2019-01-24 10:25:39','2019-01-24 10:35:23','2019-01-24 10:35:23'),(30,8,'name','kolghozi_naghagah','2019-01-24 10:35:23','2019-01-25 11:40:39','2019-01-25 11:40:39'),(31,8,'username','webkolghoz_bot','2019-01-24 10:35:23','2019-01-25 11:40:39','2019-01-25 11:40:39'),(32,8,'token','594949732:AAE7_xrFytVJmc2QPeZ3VP0im1seLvGd6Sk','2019-01-24 10:35:23','2019-01-25 11:40:39','2019-01-25 11:40:39'),(42,8,'name','kolghozi_naghagah','2019-01-25 11:40:39','2019-01-25 11:40:39',NULL),(43,8,'username','webkolghoz_bot','2019-01-25 11:40:39','2019-01-25 11:40:39',NULL),(44,8,'token','594949732:AAE7_xrFytVJmc2QPeZ3VP0im1seLvGd6Sk','2019-01-25 11:40:39','2019-01-25 11:40:39',NULL),(45,12,'app_id','535377203645380','2019-01-25 11:40:40','2019-01-25 11:40:40',NULL),(46,12,'token','EAAHm7DgLS8QBALSjJgZCLCUdy7ZCS75TKl6fUYbHfyq0e0XLzToWRvk34faNyzSNG7JUf97fM5Wpn5qB9lZCN5WMX000CclN00uhwpXpGZCNwHnRCmSuvxCDb9D1qTkwQp5mN7bRZBSZB3I2MkS5ZAhM1RustWhPPgxiZCWOa7JchTkwfIdEYdw2','2019-01-25 11:40:40','2019-01-25 11:40:40',NULL),(47,13,'token','48e72cbe13a7d38b-2154026b863d2563-ade5608a75191add','2019-01-25 11:40:40','2019-01-25 11:40:40',NULL),(48,14,'sid','ACaee1e211e9dfb31a9711fa398b0c10d5','2019-01-25 11:40:40','2019-01-25 11:40:40',NULL),(49,14,'token','ec671883acf2f8ccaddee391437c25d5','2019-01-25 11:40:40','2019-01-25 11:40:40',NULL),(50,14,'phone','+12244276362','2019-01-25 11:40:40','2019-01-25 11:40:40',NULL),(51,15,'sid','ACaee1e211e9dfb31a9711fa398b0c10d5','2019-01-25 11:40:40','2019-01-25 11:40:40',NULL),(52,15,'token','ec671883acf2f8ccaddee391437c25d5','2019-01-25 11:40:40','2019-01-25 11:40:40',NULL),(53,15,'phone','+14155238886','2019-01-25 11:40:40','2019-01-25 11:40:40',NULL),(54,16,'api_user_id','d5010abf4fe45611616743713ba40a9c','2019-01-25 11:40:40','2019-01-25 11:40:40',NULL),(55,16,'api_secret','c1869d0ef0d2b6876671d12039e8c323','2019-01-25 11:40:40','2019-01-25 11:40:40',NULL),(56,17,'login','leasingkom','2019-01-25 11:40:40','2019-01-25 11:40:40',NULL),(57,17,'password','1112eg','2019-01-25 11:40:40','2019-01-25 11:40:40',NULL);

/*Table structure for table `gateway_subscribes` */

DROP TABLE IF EXISTS `gateway_subscribes`;

CREATE TABLE `gateway_subscribes` (
  `id` int(10) unsigned NOT NULL AUTO_INCREMENT,
  `action` enum('template','code','phone') COLLATE utf8mb4_unicode_ci DEFAULT NULL,
  `callback` varchar(500) COLLATE utf8mb4_unicode_ci DEFAULT NULL,
  `template_id` int(10) unsigned DEFAULT NULL,
  `project_messenger_id` int(10) unsigned NOT NULL,
  `created_at` timestamp NULL DEFAULT NULL,
  `updated_at` timestamp NULL DEFAULT NULL,
  `deleted_at` timestamp NULL DEFAULT NULL,
  PRIMARY KEY (`id`),
  KEY `gateway_subscribes_template_id_foreign` (`template_id`),
  KEY `gateway_subscribes_project_messenger_id_foreign` (`project_messenger_id`),
  CONSTRAINT `gateway_subscribes_project_messenger_id_foreign` FOREIGN KEY (`project_messenger_id`) REFERENCES `project_messengers` (`id`),
  CONSTRAINT `gateway_subscribes_template_id_foreign` FOREIGN KEY (`template_id`) REFERENCES `templates` (`id`)
) ENGINE=InnoDB AUTO_INCREMENT=8 DEFAULT CHARSET=utf8mb4 COLLATE=utf8mb4_unicode_ci;

/*Data for the table `gateway_subscribes` */

insert  into `gateway_subscribes`(`id`,`action`,`callback`,`template_id`,`project_messenger_id`,`created_at`,`updated_at`,`deleted_at`) values (1,'template',NULL,4,7,'2019-01-17 05:45:15','2019-01-17 05:45:15',NULL),(2,NULL,NULL,NULL,12,'2019-01-25 11:40:40','2019-01-25 11:40:40',NULL),(3,NULL,NULL,NULL,13,'2019-01-25 11:40:40','2019-01-25 11:40:40',NULL),(4,NULL,NULL,NULL,14,'2019-01-25 11:40:40','2019-01-25 11:40:40',NULL),(5,NULL,NULL,NULL,15,'2019-01-25 11:40:40','2019-01-25 11:40:40',NULL),(6,NULL,NULL,NULL,16,'2019-01-25 11:40:40','2019-01-25 11:40:40',NULL),(7,NULL,NULL,NULL,17,'2019-01-25 11:40:40','2019-01-25 11:40:40',NULL);

/*Table structure for table `gateways` */

DROP TABLE IF EXISTS `gateways`;

CREATE TABLE `gateways` (
  `id` int(10) unsigned NOT NULL AUTO_INCREMENT,
  `name` varchar(191) COLLATE utf8mb4_unicode_ci DEFAULT NULL,
  `description` varchar(191) COLLATE utf8mb4_unicode_ci DEFAULT NULL,
  `link` varchar(191) COLLATE utf8mb4_unicode_ci DEFAULT NULL,
  `by_default` tinyint(1) DEFAULT NULL,
  `created_at` timestamp NULL DEFAULT NULL,
  `updated_at` timestamp NULL DEFAULT NULL,
  `removed` tinyint(1) NOT NULL DEFAULT '0',
  `config` text COLLATE utf8mb4_unicode_ci,
  `messenger_id` int(10) unsigned DEFAULT NULL,
  PRIMARY KEY (`id`),
  KEY `gateways_messenger_id_foreign` (`messenger_id`),
  CONSTRAINT `gateways_messenger_id_foreign` FOREIGN KEY (`messenger_id`) REFERENCES `messengers` (`id`)
) ENGINE=InnoDB AUTO_INCREMENT=8 DEFAULT CHARSET=utf8mb4 COLLATE=utf8mb4_unicode_ci;

/*Data for the table `gateways` */

insert  into `gateways`(`id`,`name`,`description`,`link`,`by_default`,`created_at`,`updated_at`,`removed`,`config`,`messenger_id`) values (1,'SMSCenter','SMSC ( . Short Message Service Center)     .    ,    SMS-.adw aw daw dawd awd aw','https://smsc.ru',NULL,'2018-11-29 11:19:34','2019-01-24 10:14:07',0,'[{\"field_name\":\"login\",\"placeholder\":\"Login\",\"validation\":null,\"message\":null},{\"field_name\":\"password\",\"placeholder\":\"Password\",\"validation\":null,\"message\":null}]',5),(2,'SendPulse','Gateway for sending email messages','https://sendpulse.com',0,'2018-12-12 07:01:23','2019-01-24 10:15:02',0,'[{\"field_name\":\"api_user_id\",\"placeholder\":\"ID\",\"validation\":null,\"message\":null},{\"field_name\":\"api_secret\",\"placeholder\":\"Secret\",\"validation\":null,\"message\":null}]',6),(3,'Whatsapp-twilio','Twilio for sending messages on WhatsApp','https://www.twilio.com',NULL,'2019-01-24 10:16:04','2019-01-24 10:16:04',0,'[{\"field_name\":\"sid\",\"placeholder\":\"Account SID\",\"validation\":null,\"message\":null},{\"field_name\":\"token\",\"placeholder\":\"Token\",\"validation\":null,\"message\":null},{\"field_name\":\"phone\",\"placeholder\":\"\",\"validation\":\"/^\\\\+[0-9]{11,12}$/\",\"message\":\"   .\"}]',2),(4,'Sms-twilio','Twilio gateway to send sms','https://www.twilio.com',NULL,'2019-01-24 10:17:01','2019-01-24 10:17:01',0,'[{\"field_name\":\"sid\",\"placeholder\":\"Account SID\",\"validation\":null,\"message\":null},{\"field_name\":\"token\",\"placeholder\":\"Token\",\"validation\":null,\"message\":null},{\"field_name\":\"phone\",\"placeholder\":\"\",\"validation\":\"/^\\\\+[0-9]{11,12}$/\",\"message\":\"   .\"}]',5),(5,'Telegram Public','The gateway of telegram','https://core.telegram.org',NULL,'2019-01-24 10:17:52','2019-01-24 10:17:52',0,'[{\"field_name\":\"name\",\"placeholder\":\"Name\",\"validation\":null,\"message\":null},{\"field_name\":\"username\",\"placeholder\":\"username\",\"validation\":null,\"message\":null},{\"field_name\":\"token\",\"placeholder\":\"Token\",\"validation\":null,\"message\":null}]',3),(6,'Viber Public','The gateway to send mailing by Viner channel','https://viber.github.io',NULL,'2019-01-24 10:18:24','2019-01-24 10:18:24',0,'[{\"field_name\":\"token\",\"placeholder\":\"Token\",\"validation\":null,\"message\":null}]',1),(7,'Facebook Public','the gateway for Facebook','https://developers.facebook.com',NULL,'2019-01-24 10:19:53','2019-01-24 10:19:53',0,'[{\"field_name\":\"app_id\",\"placeholder\":\"ID \",\"validation\":null,\"message\":null},{\"field_name\":\"token\",\"placeholder\":\"Token\",\"validation\":null,\"message\":null}]',7);

/*Table structure for table `languages` */

DROP TABLE IF EXISTS `languages`;

CREATE TABLE `languages` (
  `id` int(10) unsigned NOT NULL AUTO_INCREMENT,
  `code` varchar(5) COLLATE utf8mb4_unicode_ci NOT NULL,
  `name` varchar(100) COLLATE utf8mb4_unicode_ci NOT NULL,
  `created_at` timestamp NULL DEFAULT NULL,
  `updated_at` timestamp NULL DEFAULT NULL,
  PRIMARY KEY (`id`)
) ENGINE=InnoDB AUTO_INCREMENT=2 DEFAULT CHARSET=utf8mb4 COLLATE=utf8mb4_unicode_ci;

/*Data for the table `languages` */

insert  into `languages`(`id`,`code`,`name`,`created_at`,`updated_at`) values (1,'ru_RU','',NULL,NULL);

/*Table structure for table `leads` */

DROP TABLE IF EXISTS `leads`;

CREATE TABLE `leads` (
  `id` int(10) unsigned NOT NULL AUTO_INCREMENT,
  `last_name` varchar(255) COLLATE utf8mb4_unicode_ci DEFAULT NULL,
  `first_name` varchar(255) COLLATE utf8mb4_unicode_ci NOT NULL,
  `father_name` varchar(255) COLLATE utf8mb4_unicode_ci DEFAULT NULL,
  `phone` varchar(255) COLLATE utf8mb4_unicode_ci DEFAULT NULL,
  `email` varchar(255) COLLATE utf8mb4_unicode_ci DEFAULT NULL,
  `owner_id` int(10) unsigned DEFAULT NULL,
  `project_id` int(10) unsigned DEFAULT NULL,
  `status` int(10) unsigned DEFAULT NULL,
  `created_at` timestamp NULL DEFAULT NULL,
  `updated_at` timestamp NULL DEFAULT NULL,
  `deleted_at` timestamp NULL DEFAULT NULL,
  PRIMARY KEY (`id`),
  KEY `leads_owner_id_foreign` (`owner_id`),
  KEY `leads_project_id_foreign` (`project_id`),
  KEY `leads_status_foreign` (`status`),
  CONSTRAINT `leads_owner_id_foreign` FOREIGN KEY (`owner_id`) REFERENCES `users` (`id`),
  CONSTRAINT `leads_project_id_foreign` FOREIGN KEY (`project_id`) REFERENCES `projects` (`id`),
  CONSTRAINT `leads_status_foreign` FOREIGN KEY (`status`) REFERENCES `leads_status_dict` (`id`)
) ENGINE=InnoDB AUTO_INCREMENT=5 DEFAULT CHARSET=utf8mb4 COLLATE=utf8mb4_unicode_ci;

/*Data for the table `leads` */

insert  into `leads`(`id`,`last_name`,`first_name`,`father_name`,`phone`,`email`,`owner_id`,`project_id`,`status`,`created_at`,`updated_at`,`deleted_at`) values (1,'','',NULL,'+79505797742','dawdawdwa@ya.ru',3,1,1,'2018-12-11 07:12:32','2018-12-12 05:26:43',NULL),(2,'dadaw','dawda','ddddd','+79505797742','tihonov.kv@ya.ru',4,2,3,'2018-12-12 04:29:12','2018-12-12 04:58:42','2018-12-12 04:58:42'),(3,'','','dddd','+79505797742','tihonov.kv@ya.ru',4,7,1,'2018-12-24 04:54:35','2018-12-24 08:12:40','2018-12-24 08:12:40'),(4,'Dfcbkm','Test',NULL,'+799999999999','ex@exp.ru',3,7,1,'2018-12-24 08:16:57','2018-12-24 08:16:57',NULL);

/*Table structure for table `leads_status_dict` */

DROP TABLE IF EXISTS `leads_status_dict`;

CREATE TABLE `leads_status_dict` (
  `id` int(10) unsigned NOT NULL AUTO_INCREMENT,
  `name` varchar(191) COLLATE utf8mb4_unicode_ci NOT NULL,
  `created_at` timestamp NULL DEFAULT NULL,
  `updated_at` timestamp NULL DEFAULT NULL,
  PRIMARY KEY (`id`)
) ENGINE=InnoDB AUTO_INCREMENT=5 DEFAULT CHARSET=utf8mb4 COLLATE=utf8mb4_unicode_ci;

/*Data for the table `leads_status_dict` */

insert  into `leads_status_dict`(`id`,`name`,`created_at`,`updated_at`) values (1,'',NULL,NULL),(2,'',NULL,NULL),(3,'',NULL,NULL),(4,'',NULL,NULL);

/*Table structure for table `menu_items` */

DROP TABLE IF EXISTS `menu_items`;

CREATE TABLE `menu_items` (
  `id` int(10) unsigned NOT NULL AUTO_INCREMENT,
  `name` varchar(191) COLLATE utf8mb4_unicode_ci NOT NULL,
  `point` int(10) unsigned NOT NULL,
  `callback_url` varchar(191) COLLATE utf8mb4_unicode_ci DEFAULT NULL,
  `menu_id` int(10) unsigned NOT NULL,
  `default` tinyint(1) DEFAULT NULL,
  `created_at` timestamp NULL DEFAULT NULL,
  `updated_at` timestamp NULL DEFAULT NULL,
  `auto_reply` tinyint(1) NOT NULL DEFAULT '0',
  `reply_type` enum('present','template','logic_template','none') COLLATE utf8mb4_unicode_ci NOT NULL DEFAULT 'none',
  `template_id` int(10) unsigned DEFAULT NULL,
  `false_template_id` int(10) unsigned DEFAULT NULL,
  `present_reply_id` int(10) unsigned DEFAULT NULL,
  PRIMARY KEY (`id`),
  KEY `menu_items_menu_id_foreign` (`menu_id`),
  KEY `menu_items_template_id_foreign` (`template_id`),
  KEY `menu_items_present_reply_id_foreign` (`present_reply_id`),
  KEY `menu_items_false_template_id_foreign` (`false_template_id`),
  CONSTRAINT `menu_items_false_template_id_foreign` FOREIGN KEY (`false_template_id`) REFERENCES `templates` (`id`),
  CONSTRAINT `menu_items_menu_id_foreign` FOREIGN KEY (`menu_id`) REFERENCES `menus` (`id`),
  CONSTRAINT `menu_items_present_reply_id_foreign` FOREIGN KEY (`present_reply_id`) REFERENCES `present_replies` (`id`),
  CONSTRAINT `menu_items_template_id_foreign` FOREIGN KEY (`template_id`) REFERENCES `templates` (`id`)
) ENGINE=InnoDB AUTO_INCREMENT=2 DEFAULT CHARSET=utf8mb4 COLLATE=utf8mb4_unicode_ci;

/*Data for the table `menu_items` */

insert  into `menu_items`(`id`,`name`,`point`,`callback_url`,`menu_id`,`default`,`created_at`,`updated_at`,`auto_reply`,`reply_type`,`template_id`,`false_template_id`,`present_reply_id`) values (1,' -   ',1,'http://messengers.local/dada',1,1,'2018-11-30 05:04:08','2019-01-17 06:53:28',1,'logic_template',5,6,NULL);

/*Table structure for table `menus` */

DROP TABLE IF EXISTS `menus`;

CREATE TABLE `menus` (
  `id` int(10) unsigned NOT NULL AUTO_INCREMENT,
  `name` varchar(191) COLLATE utf8mb4_unicode_ci NOT NULL,
  `callback_url` varchar(191) COLLATE utf8mb4_unicode_ci DEFAULT NULL,
  `created_at` timestamp NULL DEFAULT NULL,
  `updated_at` timestamp NULL DEFAULT NULL,
  `deleted_at` timestamp NULL DEFAULT NULL,
  `project_id` int(10) unsigned NOT NULL,
  PRIMARY KEY (`id`),
  KEY `menus_project_id_foreign` (`project_id`),
  CONSTRAINT `menus_project_id_foreign` FOREIGN KEY (`project_id`) REFERENCES `projects` (`id`)
) ENGINE=InnoDB AUTO_INCREMENT=2 DEFAULT CHARSET=utf8mb4 COLLATE=utf8mb4_unicode_ci;

/*Data for the table `menus` */

insert  into `menus`(`id`,`name`,`callback_url`,`created_at`,`updated_at`,`deleted_at`,`project_id`) values (1,' ','http://messengers.local','2018-11-30 05:04:08','2019-01-17 06:51:49',NULL,7);

/*Table structure for table `messengers` */

DROP TABLE IF EXISTS `messengers`;

CREATE TABLE `messengers` (
  `id` int(10) unsigned NOT NULL AUTO_INCREMENT,
  `alias` varchar(191) COLLATE utf8mb4_unicode_ci NOT NULL,
  `name` varchar(191) COLLATE utf8mb4_unicode_ci NOT NULL,
  `created_at` timestamp NULL DEFAULT NULL,
  `updated_at` timestamp NULL DEFAULT NULL,
  PRIMARY KEY (`id`)
) ENGINE=InnoDB AUTO_INCREMENT=8 DEFAULT CHARSET=utf8mb4 COLLATE=utf8mb4_unicode_ci;

/*Data for the table `messengers` */

insert  into `messengers`(`id`,`alias`,`name`,`created_at`,`updated_at`) values (1,'viber','Viber','2019-01-24 10:19:15','2019-01-24 10:19:15'),(2,'whatsapp','WhatsApp','2019-01-24 10:19:15','2019-01-24 10:19:15'),(3,'telegram','Telegram','2019-01-24 10:19:15','2019-01-24 10:19:15'),(4,'vk','VK','2019-01-24 10:19:15','2019-01-24 10:19:15'),(5,'sms','SMS','2019-01-24 10:19:15','2019-01-24 10:19:15'),(6,'email','Email','2019-01-24 10:19:15','2019-01-24 10:19:15'),(7,'fb','Facebook','2019-01-24 10:19:15','2019-01-24 10:19:15');

/*Table structure for table `migrations` */

DROP TABLE IF EXISTS `migrations`;

CREATE TABLE `migrations` (
  `id` int(10) unsigned NOT NULL AUTO_INCREMENT,
  `migration` varchar(191) COLLATE utf8mb4_unicode_ci NOT NULL,
  `batch` int(11) NOT NULL,
  PRIMARY KEY (`id`)
) ENGINE=InnoDB AUTO_INCREMENT=111 DEFAULT CHARSET=utf8mb4 COLLATE=utf8mb4_unicode_ci;

/*Data for the table `migrations` */

insert  into `migrations`(`id`,`migration`,`batch`) values (1,'2014_10_12_000000_create_users_table',1),(2,'2014_10_12_100000_create_password_resets_table',1),(3,'2016_06_01_000001_create_oauth_auth_codes_table',1),(4,'2016_06_01_000002_create_oauth_access_tokens_table',1),(5,'2016_06_01_000003_create_oauth_refresh_tokens_table',1),(6,'2016_06_01_000004_create_oauth_clients_table',1),(7,'2016_06_01_000005_create_oauth_personal_access_clients_table',1),(8,'2018_09_18_100247_create_roles_table',1),(9,'2018_09_18_135043_edit_uesrs_table',1),(10,'2018_09_19_053458_create_messengers_table',1),(11,'2018_09_19_053558_create_permissions_table',1),(12,'2018_09_19_054234_create_projects_table',1),(13,'2018_09_19_054458_create_project_messengers_table',1),(14,'2018_09_19_055014_create_events_table',1),(15,'2018_09_19_060327_create_parameters_table',1),(16,'2018_09_19_063031_create_receivers_table',1),(17,'2018_09_19_063121_create_menus_table',1),(18,'2018_09_19_063227_create_menu_items_table',1),(19,'2018_09_19_063918_create_templates_table',1),(20,'2018_10_09_151019_create_gateways_table',1),(21,'2018_10_10_071122_edit_projects_table',1),(22,'2018_10_11_051445_remove_gateway_id_from_projects_table',1),(23,'2018_10_11_051837_add_gateway_id_toproject_messengers_table',1),(24,'2018_10_11_115212_add_getway_token_project_messengers_table',1),(25,'2018_10_16_133853_cretae_project_keys_table',1),(26,'2018_10_16_162545_remove_access_key_fom_projects_table',1),(27,'2018_10_17_110234_edit_gateway_add_removet_field',1),(28,'2018_10_18_073651_edit_projects_table_add_deleted_at_field',1),(29,'2018_10_18_074347_edit_project_messengers_table_add_deleted_at_field',1),(30,'2018_10_18_075220_edit_project_keys_table_add_deleted_at_field',1),(31,'2018_10_18_120950_edit_project_keys_add_user_id',1),(32,'2018_10_19_150831_edit_parameters_table',1),(33,'2018_10_23_083336_edit__templates_table',1),(34,'2018_10_23_084703_edit_menus_table',1),(35,'2018_10_23_084834_edit_menu_items_table',1),(36,'2018_10_23_085321_edit_receivers_table',1),(37,'2018_10_23_085505_edit_events_table',1),(38,'2018_10_23_112907_edit_templates_remove_parameter_id_table',1),(39,'2018_10_25_160913_create_languages_table',1),(40,'2018_10_30_165346_create_sidebar_navs_table',1),(41,'2018_10_30_165443_create_sidebar_nav_has_roles_table',1),(42,'2018_10_31_132127_edit_sidebar_navs_table',1),(43,'2018_11_01_133029_edit_users_table',1),(44,'2018_11_02_140138_edit_users_table_add_soft_delete',1),(45,'2018_11_07_141353_edit_menu_items_table',1),(46,'2018_11_08_080457_edit_gateways_table',1),(47,'2018_11_08_132917_create_gateway_settings_table',1),(48,'2018_11_12_131956_create_jobs_table',1),(49,'2018_11_20_125431_create_users_chat_info',1),(50,'2018_11_27_141435_add_answerable_messages_table',1),(51,'2018_11_29_141745_create_present_replies_table',1),(52,'2018_11_29_145305_edit_menu_items_add_replay_params_table',1),(53,'2018_11_30_070641_edit_present_replies_table',1),(54,'2018_11_30_070821_create_sequences_table',1),(55,'2018_12_03_101320_add_options_to_sequences',1),(56,'2018_12_05_132838_edit_answerable_messages_tabel_fields_types',1),(57,'2018_12_06_130212_edit_answerable_messages_add_bot_username_table',1),(58,'2018_12_07_101806_edit_gateways_table_add_messenger_id',1),(59,'2018_12_07_123804_edit_project_messagers_table_remove_fiels',1),(60,'2018_12_10_051012_create_leads_table',1),(61,'2018_12_13_115356_edit_users_chat_info_table_integers_to_string',1),(62,'2018_12_14_063000_create_week_days_table',1),(63,'2018_12_17_060833_add_timezone_to_projects',1),(64,'2018_12_18_061621_change_project_column_timezone',1),(65,'2018_12_18_070046_change_week_days_columns',1),(66,'2018_12_18_073813_create_project_office_phones_table',1),(67,'2018_12_24_125509_edit_answerable_messages_add_parameters_field',1),(68,'2018_12_25_110931_edit_answerable_messages_add_parent_id',1),(69,'2018_12_25_120914_edit_present_replies_table_add_default_field',1),(70,'2018_12_25_142525_edit_present_replies_point_is_nullable_table',1),(71,'2018_12_26_082749_edit_menu_items_add_default_field',1),(72,'2018_12_26_104405_remove_def_field_from_reply_messges',1),(73,'2018_12_26_111332_edit_answerable_messages_add_mess_param_field',1),(74,'2018_12_26_113601_edit_answerable_messages_make_answer_nullable',1),(75,'2018_12_27_082858_create_passages_table',1),(76,'2018_12_27_105244_create_passages_actions_table',1),(77,'2019_01_10_070933_edit_answerable_messages_add_seen',1),(78,'2019_01_14_084419_edit_answerable_messages_ass_fileds_for_file',1),(79,'2019_01_16_052628_create_gateway_subscribe_table',1),(80,'2019_01_17_060511_add_type_and_column_for_logic_template_message',1),(81,'2019_01_17_130041_edit_answerabeli_table_file_path_type',1),(82,'2018_12_07_123804_edit_project_messagers_table_remove_fiels',11),(85,'2018_12_14_063000_create_week_days_table',12),(86,'2018_12_13_115356_edit_users_chat_info_table_integers_to_string',13),(87,'2018_12_17_060833_add_timezone_to_projects',13),(88,'2018_12_18_061621_change_project_column_timezone',14),(89,'2018_12_18_070046_change_week_days_columns',15),(91,'2018_12_18_073813_create_project_office_phones_table',16),(92,'2018_12_24_125509_edit_answerable_messages_add_parameters_field',17),(93,'2018_12_26_111332_edit_answerable_messages_add_mess_param_field',18),(94,'2018_12_25_110931_edit_answerable_messages_add_parent_id',19),(95,'2018_12_25_120914_edit_present_replies_table_add_default_field',19),(96,'2018_12_25_142525_edit_present_replies_point_is_nullable_table',19),(97,'2018_12_26_082749_edit_menu_items_add_default_field',19),(98,'2018_12_26_104405_remove_def_field_from_reply_messges',19),(99,'2018_12_26_113601_edit_answerable_messages_make_answer_nullable',19),(100,'2018_12_27_082858_create_passages_table',19),(104,'2018_12_27_105244_create_passages_actions_table',20),(105,'2019_01_10_070933_edit_answerable_messages_add_seen',21),(109,'2019_01_16_052628_create_gateway_subscribe_table',22),(110,'2019_01_17_060511_add_type_and_column_for_logic_template_message',23);

/*Table structure for table `oauth_access_tokens` */

DROP TABLE IF EXISTS `oauth_access_tokens`;

CREATE TABLE `oauth_access_tokens` (
  `id` varchar(100) COLLATE utf8mb4_unicode_ci NOT NULL,
  `user_id` int(11) DEFAULT NULL,
  `client_id` int(11) NOT NULL,
  `name` varchar(191) COLLATE utf8mb4_unicode_ci DEFAULT NULL,
  `scopes` text COLLATE utf8mb4_unicode_ci,
  `revoked` tinyint(1) NOT NULL,
  `created_at` timestamp NULL DEFAULT NULL,
  `updated_at` timestamp NULL DEFAULT NULL,
  `expires_at` datetime DEFAULT NULL,
  PRIMARY KEY (`id`),
  KEY `oauth_access_tokens_user_id_index` (`user_id`)
) ENGINE=InnoDB DEFAULT CHARSET=utf8mb4 COLLATE=utf8mb4_unicode_ci;

/*Data for the table `oauth_access_tokens` */

insert  into `oauth_access_tokens`(`id`,`user_id`,`client_id`,`name`,`scopes`,`revoked`,`created_at`,`updated_at`,`expires_at`) values ('04e29f53227f1d6110680b5305cea7599d66d995349e851a30b436ebc8c0ad285b5978b0b063861f',1,1,'MyApp','[]',0,'2019-01-10 11:25:30','2019-01-10 11:25:30','2020-01-10 11:25:30'),('071cc67c1531ce4752b11af95f5cadaaf6d759d361d25f2a49e69f6d7259e1d307afa88652edff13',1,1,'MyApp','[]',0,'2018-10-03 06:54:48','2018-10-03 06:54:48','2019-10-03 10:54:48'),('0e0a6799a89442f94d2be99bae34039be6c830310841d8fad02ff2f8dea80c1a73a76c375ea257fc',1,3,'MyApp','[]',0,'2019-01-25 06:52:08','2019-01-25 06:52:08','2020-01-25 06:52:08'),('0f4397a6af2b20eccd9edea8f23e07de7108c15a0d235763f510fae189092dfc3017e8f4da79d769',1,1,'MyApp','[]',0,'2018-09-28 06:48:42','2018-09-28 06:48:42','2019-09-28 10:48:42'),('1e16c7f339305ac74e6bfacad5aca1b196d94e3f7642a8dc105dd973ed3515ac3b7fd9a981dd511d',1,1,'MyApp','[]',0,'2018-10-04 05:06:37','2018-10-04 05:06:37','2019-10-04 09:06:37'),('232322218b6044d2d292ec1350642e46bd24202e8b239e84f14f09ea35dca6a7df4bac778ee4ccbf',1,1,'MyApp','[]',0,'2018-10-02 04:10:05','2018-10-02 04:10:05','2019-10-02 08:10:05'),('3a3a970c9c4b707331236ea9eee3647169eee42e3da6ef1dd39cf3d4b8665faa03996278040e640e',1,1,'MyApp','[]',0,'2018-10-02 03:45:47','2018-10-02 03:45:47','2019-10-02 07:45:47'),('535ef4e9bf93b59bbff193465fa6716bd26fd98459068e45a7ea557d1434663024af2c46027372d0',1,1,'MyApp','[]',0,'2018-10-01 03:04:30','2018-10-01 03:04:30','2019-10-01 07:04:30'),('a04a1ba21bac71917b87511ed9fdf77b87286638ad2cd057aae733a02c1869b8390c6dfe2ff44da3',1,1,'MyApp','[]',0,'2018-10-04 05:07:28','2018-10-04 05:07:28','2019-10-04 09:07:28'),('aa3a3857d6fce3dccec82b77c49d9ab78a9f7627e80679200733a8ec31e3052495dd0a9eb31d9f2c',1,1,'MyApp','[]',0,'2018-10-02 03:54:43','2018-10-02 03:54:43','2019-10-02 07:54:43'),('b504ccda65a4adf83f758f721bc9eefbafe2a12a092cb5dd5f8d42887aa578fdf0c680f7a2f9f6ac',1,1,'MyApp','[]',0,'2018-10-01 02:28:34','2018-10-01 02:28:34','2019-10-01 06:28:34'),('d6d91f33371a1a5724f220c1b7cd736bc624d1911b850bb54ede4f4cdd7587e2bebd1416cc47f10c',1,3,'MyApp','[]',0,'2019-01-24 08:58:39','2019-01-24 08:58:39','2020-01-24 08:58:39'),('f90d35b68816bebda00d097954f2e494e9e4d624e4da6ea81eefe9a1776f8a3ab802cd1008c1cad4',1,1,'MyApp','[]',0,'2018-10-02 03:48:06','2018-10-02 03:48:06','2019-10-02 07:48:06');

/*Table structure for table `oauth_auth_codes` */

DROP TABLE IF EXISTS `oauth_auth_codes`;

CREATE TABLE `oauth_auth_codes` (
  `id` varchar(100) COLLATE utf8mb4_unicode_ci NOT NULL,
  `user_id` int(11) NOT NULL,
  `client_id` int(11) NOT NULL,
  `scopes` text COLLATE utf8mb4_unicode_ci,
  `revoked` tinyint(1) NOT NULL,
  `expires_at` datetime DEFAULT NULL,
  PRIMARY KEY (`id`)
) ENGINE=InnoDB DEFAULT CHARSET=utf8mb4 COLLATE=utf8mb4_unicode_ci;

/*Data for the table `oauth_auth_codes` */

/*Table structure for table `oauth_clients` */

DROP TABLE IF EXISTS `oauth_clients`;

CREATE TABLE `oauth_clients` (
  `id` int(10) unsigned NOT NULL AUTO_INCREMENT,
  `user_id` int(11) DEFAULT NULL,
  `name` varchar(191) COLLATE utf8mb4_unicode_ci NOT NULL,
  `secret` varchar(100) COLLATE utf8mb4_unicode_ci NOT NULL,
  `redirect` text COLLATE utf8mb4_unicode_ci NOT NULL,
  `personal_access_client` tinyint(1) NOT NULL,
  `password_client` tinyint(1) NOT NULL,
  `revoked` tinyint(1) NOT NULL,
  `created_at` timestamp NULL DEFAULT NULL,
  `updated_at` timestamp NULL DEFAULT NULL,
  PRIMARY KEY (`id`),
  KEY `oauth_clients_user_id_index` (`user_id`)
) ENGINE=InnoDB AUTO_INCREMENT=5 DEFAULT CHARSET=utf8mb4 COLLATE=utf8mb4_unicode_ci;

/*Data for the table `oauth_clients` */

insert  into `oauth_clients`(`id`,`user_id`,`name`,`secret`,`redirect`,`personal_access_client`,`password_client`,`revoked`,`created_at`,`updated_at`) values (1,NULL,'Laravel Personal Access Client','TvMpFSpIHoeBsgzG1Giu3E9NNuXBW7vHuatq2NiW','http://localhost',1,0,0,'2018-09-28 06:48:36','2018-09-28 06:48:36'),(2,NULL,'Laravel Password Grant Client','SHM8Ca0fC2MwoKF9fHzOJP9ieZ5h9HBNe39TeduD','http://localhost',0,1,0,'2018-09-28 06:48:36','2018-09-28 06:48:36'),(3,NULL,'Laravel Personal Access Client','3Ixy8N0287SOdQkYTItV6LSPiNqBa5ME6D7w0Zxl','http://localhost',1,0,0,'2019-01-24 08:58:29','2019-01-24 08:58:29'),(4,NULL,'Laravel Password Grant Client','YjD5zWY41XNsVpAIAWvUiETA9Ejs0u3rSD3CtbD0','http://localhost',0,1,0,'2019-01-24 08:58:29','2019-01-24 08:58:29');

/*Table structure for table `oauth_personal_access_clients` */

DROP TABLE IF EXISTS `oauth_personal_access_clients`;

CREATE TABLE `oauth_personal_access_clients` (
  `id` int(10) unsigned NOT NULL AUTO_INCREMENT,
  `client_id` int(11) NOT NULL,
  `created_at` timestamp NULL DEFAULT NULL,
  `updated_at` timestamp NULL DEFAULT NULL,
  PRIMARY KEY (`id`),
  KEY `oauth_personal_access_clients_client_id_index` (`client_id`)
) ENGINE=InnoDB AUTO_INCREMENT=3 DEFAULT CHARSET=utf8mb4 COLLATE=utf8mb4_unicode_ci;

/*Data for the table `oauth_personal_access_clients` */

insert  into `oauth_personal_access_clients`(`id`,`client_id`,`created_at`,`updated_at`) values (1,1,'2018-09-28 06:48:36','2018-09-28 06:48:36'),(2,3,'2019-01-24 08:58:29','2019-01-24 08:58:29');

/*Table structure for table `oauth_refresh_tokens` */

DROP TABLE IF EXISTS `oauth_refresh_tokens`;

CREATE TABLE `oauth_refresh_tokens` (
  `id` varchar(100) COLLATE utf8mb4_unicode_ci NOT NULL,
  `access_token_id` varchar(100) COLLATE utf8mb4_unicode_ci NOT NULL,
  `revoked` tinyint(1) NOT NULL,
  `expires_at` datetime DEFAULT NULL,
  PRIMARY KEY (`id`),
  KEY `oauth_refresh_tokens_access_token_id_index` (`access_token_id`)
) ENGINE=InnoDB DEFAULT CHARSET=utf8mb4 COLLATE=utf8mb4_unicode_ci;

/*Data for the table `oauth_refresh_tokens` */

/*Table structure for table `parameters` */

DROP TABLE IF EXISTS `parameters`;

CREATE TABLE `parameters` (
  `id` int(10) unsigned NOT NULL AUTO_INCREMENT,
  `variable` varchar(191) COLLATE utf8mb4_unicode_ci NOT NULL,
  `name` varchar(191) COLLATE utf8mb4_unicode_ci DEFAULT NULL,
  `description` varchar(191) COLLATE utf8mb4_unicode_ci DEFAULT NULL,
  `created_at` timestamp NULL DEFAULT NULL,
  `updated_at` timestamp NULL DEFAULT NULL,
  `deleted_at` timestamp NULL DEFAULT NULL,
  `inactive` tinyint(1) DEFAULT '0',
  `project_id` int(10) unsigned NOT NULL,
  PRIMARY KEY (`id`),
  KEY `parameters_project_id_foreign` (`project_id`),
  CONSTRAINT `parameters_project_id_foreign` FOREIGN KEY (`project_id`) REFERENCES `projects` (`id`)
) ENGINE=InnoDB AUTO_INCREMENT=4 DEFAULT CHARSET=utf8mb4 COLLATE=utf8mb4_unicode_ci;

/*Data for the table `parameters` */

insert  into `parameters`(`id`,`variable`,`name`,`description`,`created_at`,`updated_at`,`deleted_at`,`inactive`,`project_id`) values (1,'{dwadawdwa}','',NULL,'2018-12-12 07:41:09','2018-12-12 07:41:16',NULL,1,6),(2,'{dwadawdwa}','',NULL,'2018-12-12 07:41:09','2018-12-12 07:41:09',NULL,0,6),(3,'{adaw}','dawdwa',NULL,'2018-12-13 07:28:11','2018-12-18 05:48:24',NULL,0,7);

/*Table structure for table `passages` */

DROP TABLE IF EXISTS `passages`;

CREATE TABLE `passages` (
  `id` int(10) unsigned NOT NULL AUTO_INCREMENT,
  `sequence_id` int(10) unsigned NOT NULL,
  `lead_id` int(10) unsigned NOT NULL,
  `created_at` timestamp NULL DEFAULT NULL,
  `updated_at` timestamp NULL DEFAULT NULL,
  `closed_at` timestamp NULL DEFAULT NULL,
  PRIMARY KEY (`id`),
  KEY `passages_sequence_id_foreign` (`sequence_id`),
  KEY `passages_lead_id_foreign` (`lead_id`),
  CONSTRAINT `passages_lead_id_foreign` FOREIGN KEY (`lead_id`) REFERENCES `leads` (`id`),
  CONSTRAINT `passages_sequence_id_foreign` FOREIGN KEY (`sequence_id`) REFERENCES `sequences` (`id`)
) ENGINE=InnoDB AUTO_INCREMENT=77 DEFAULT CHARSET=utf8mb4 COLLATE=utf8mb4_unicode_ci;

/*Data for the table `passages` */

insert  into `passages`(`id`,`sequence_id`,`lead_id`,`created_at`,`updated_at`,`closed_at`) values (1,4,4,'2018-12-27 08:56:35','2018-12-27 09:00:31','2018-12-27 09:00:31'),(2,4,4,'2018-12-27 08:57:32','2018-12-27 09:00:31','2018-12-27 09:00:31'),(3,5,4,'2018-12-27 08:57:39','2018-12-27 09:00:31','2018-12-27 09:00:31'),(4,5,4,'2018-12-27 09:00:31','2018-12-27 09:01:31','2018-12-27 09:01:31'),(5,5,4,'2018-12-27 09:01:31','2018-12-27 09:02:10','2018-12-27 09:02:10'),(6,4,4,'2018-12-27 09:02:10','2018-12-27 12:26:25','2018-12-27 12:26:25'),(7,5,4,'2018-12-27 12:49:21','2018-12-27 12:49:37','2018-12-27 12:49:37'),(8,5,4,'2018-12-27 12:49:37','2018-12-27 12:50:37','2018-12-27 12:50:37'),(9,5,4,'2018-12-27 12:50:37','2018-12-27 12:51:23','2018-12-27 12:51:23'),(10,5,4,'2018-12-27 12:51:23','2018-12-27 12:52:33','2018-12-27 12:52:33'),(11,5,4,'2018-12-27 12:52:33','2018-12-27 12:53:32','2018-12-27 12:53:32'),(12,5,4,'2018-12-27 12:53:32','2018-12-27 12:55:34','2018-12-27 12:55:34'),(13,5,4,'2018-12-27 12:55:34','2018-12-27 12:56:00','2018-12-27 12:56:00'),(14,5,4,'2018-12-27 12:56:00','2018-12-27 12:56:40','2018-12-27 12:56:40'),(15,5,4,'2018-12-27 12:56:40','2018-12-27 12:57:32','2018-12-27 12:57:32'),(16,5,4,'2018-12-27 12:57:32','2018-12-27 12:58:11','2018-12-27 12:58:11'),(17,5,4,'2018-12-27 12:58:11','2018-12-27 12:59:17','2018-12-27 12:59:17'),(18,5,4,'2018-12-27 12:59:17','2018-12-27 13:00:14','2018-12-27 13:00:14'),(19,5,4,'2018-12-27 13:00:14','2018-12-27 13:06:06','2018-12-27 13:06:06'),(20,5,4,'2018-12-27 13:06:06','2018-12-27 13:08:47','2018-12-27 13:08:47'),(21,5,4,'2018-12-27 13:08:47','2018-12-27 13:10:31','2018-12-27 13:10:31'),(22,5,4,'2018-12-27 13:10:31','2018-12-27 13:13:16','2018-12-27 13:13:16'),(23,5,4,'2018-12-27 13:14:09','2018-12-27 13:14:16','2018-12-27 13:14:16'),(24,5,4,'2018-12-27 13:14:16','2018-12-27 13:14:43','2018-12-27 13:14:43'),(25,5,4,'2018-12-27 13:14:43','2018-12-27 13:15:29','2018-12-27 13:15:29'),(26,5,4,'2018-12-27 13:15:29','2018-12-27 13:15:46','2018-12-27 13:15:46'),(27,5,4,'2018-12-27 13:15:46','2018-12-27 13:19:28','2018-12-27 13:19:28'),(28,5,4,'2018-12-27 13:19:28','2018-12-27 13:21:11','2018-12-27 13:21:11'),(29,5,4,'2018-12-27 13:21:11','2018-12-27 13:23:37','2018-12-27 13:23:37'),(30,5,4,'2018-12-27 13:23:37','2018-12-27 13:24:17','2018-12-27 13:24:17'),(31,5,4,'2018-12-27 13:24:17','2018-12-27 13:27:08','2018-12-27 13:27:08'),(32,5,4,'2018-12-27 13:27:08','2018-12-27 13:27:32','2018-12-27 13:27:32'),(33,5,4,'2018-12-27 13:27:32','2018-12-27 13:28:14','2018-12-27 13:28:14'),(34,5,4,'2018-12-27 13:28:14','2018-12-27 13:29:06','2018-12-27 13:29:06'),(35,5,4,'2018-12-27 13:29:06','2018-12-27 13:29:16','2018-12-27 13:29:16'),(36,5,4,'2018-12-27 13:29:16','2019-01-10 04:30:28','2019-01-10 04:30:28'),(37,5,4,'2019-01-10 04:30:28','2019-01-10 04:33:50','2019-01-10 04:33:50'),(38,5,4,'2019-01-10 04:33:50','2019-01-10 04:47:28','2019-01-10 04:47:28'),(39,5,4,'2019-01-10 04:47:28','2019-01-10 04:47:38','2019-01-10 04:47:38'),(40,5,4,'2019-01-10 04:47:38','2019-01-10 04:49:09','2019-01-10 04:49:09'),(41,5,4,'2019-01-10 04:49:09','2019-01-10 05:02:09','2019-01-10 05:02:09'),(42,5,4,'2019-01-10 05:02:09','2019-01-10 05:02:46','2019-01-10 05:02:46'),(43,5,4,'2019-01-10 05:02:46','2019-01-10 05:03:20','2019-01-10 05:03:20'),(44,5,4,'2019-01-10 05:03:20','2019-01-10 05:12:39','2019-01-10 05:12:39'),(45,5,4,'2019-01-10 05:12:39','2019-01-10 05:13:43','2019-01-10 05:13:43'),(46,4,4,'2019-01-10 05:13:44','2019-01-10 05:13:54','2019-01-10 05:13:54'),(47,5,4,'2019-01-10 05:13:54','2019-01-10 05:31:32','2019-01-10 05:31:32'),(48,5,4,'2019-01-10 05:31:32','2019-01-10 05:32:23','2019-01-10 05:32:23'),(49,5,4,'2019-01-10 05:32:23','2019-01-10 05:32:52','2019-01-10 05:32:52'),(50,5,4,'2019-01-10 05:32:52','2019-01-10 05:33:13','2019-01-10 05:33:13'),(51,5,4,'2019-01-10 05:33:13','2019-01-10 05:33:35','2019-01-10 05:33:35'),(52,5,4,'2019-01-10 05:33:35','2019-01-10 05:33:47','2019-01-10 05:33:47'),(53,5,4,'2019-01-10 05:33:47','2019-01-10 05:34:47','2019-01-10 05:34:47'),(54,5,4,'2019-01-10 05:34:47','2019-01-10 05:46:40','2019-01-10 05:46:40'),(55,5,4,'2019-01-10 05:46:40','2019-01-10 05:53:55','2019-01-10 05:53:55'),(56,5,4,'2019-01-10 05:53:55','2019-01-10 05:55:31','2019-01-10 05:55:31'),(57,5,4,'2019-01-10 05:55:31','2019-01-10 05:56:07','2019-01-10 05:56:07'),(58,5,4,'2019-01-10 05:56:07','2019-01-10 05:57:12','2019-01-10 05:57:12'),(59,5,4,'2019-01-10 05:57:12','2019-01-10 05:57:32','2019-01-10 05:57:32'),(60,5,4,'2019-01-10 05:57:32','2019-01-10 06:09:22','2019-01-10 06:09:22'),(61,5,4,'2019-01-10 06:09:22','2019-01-10 06:10:12','2019-01-10 06:10:12'),(62,5,4,'2019-01-10 06:10:12','2019-01-10 06:10:54','2019-01-10 06:10:54'),(63,5,4,'2019-01-10 06:10:54','2019-01-11 09:11:09','2019-01-11 09:11:09'),(64,5,4,'2019-01-11 09:11:09','2019-01-11 09:12:33','2019-01-11 09:12:33'),(65,5,4,'2019-01-11 09:12:33','2019-01-11 09:14:40','2019-01-11 09:14:40'),(66,5,4,'2019-01-11 09:14:40','2019-01-11 09:19:38','2019-01-11 09:19:38'),(67,5,4,'2019-01-11 09:19:38','2019-01-11 09:20:25','2019-01-11 09:20:25'),(68,5,4,'2019-01-11 09:20:25','2019-01-11 09:21:42','2019-01-11 09:21:42'),(69,5,4,'2019-01-11 09:21:42','2019-01-11 09:23:13','2019-01-11 09:23:13'),(70,5,4,'2019-01-11 09:23:13','2019-01-11 09:25:14','2019-01-11 09:25:14'),(71,5,4,'2019-01-11 09:25:14','2019-01-11 09:27:22','2019-01-11 09:27:22'),(72,5,4,'2019-01-11 09:27:22','2019-01-14 04:45:18','2019-01-14 04:45:18'),(73,5,4,'2019-01-14 04:45:18','2019-01-14 04:47:41','2019-01-14 04:47:41'),(74,5,4,'2019-01-14 04:47:41','2019-01-14 04:53:06','2019-01-14 04:53:06'),(75,5,4,'2019-01-14 04:53:06','2019-01-14 05:01:42','2019-01-14 05:01:42'),(76,5,4,'2019-01-14 05:01:42','2019-01-14 05:01:42',NULL);

/*Table structure for table `passages_actions` */

DROP TABLE IF EXISTS `passages_actions`;

CREATE TABLE `passages_actions` (
  `id` int(10) unsigned NOT NULL AUTO_INCREMENT,
  `passage_id` int(10) unsigned NOT NULL,
  `lead_id` int(10) unsigned NOT NULL,
  `project_id` int(10) unsigned NOT NULL,
  `type` varchar(255) COLLATE utf8mb4_unicode_ci NOT NULL,
  `options` text COLLATE utf8mb4_unicode_ci,
  `start_at` datetime NOT NULL,
  `end_at` datetime DEFAULT NULL,
  `status` enum('pending','in_progress','complete','fail') COLLATE utf8mb4_unicode_ci NOT NULL DEFAULT 'pending',
  `error` varchar(255) COLLATE utf8mb4_unicode_ci DEFAULT NULL,
  `created_at` timestamp NULL DEFAULT NULL,
  `updated_at` timestamp NULL DEFAULT NULL,
  `deleted_at` timestamp NULL DEFAULT NULL,
  PRIMARY KEY (`id`),
  KEY `passages_actions_passage_id_foreign` (`passage_id`),
  KEY `passages_actions_lead_id_foreign` (`lead_id`),
  KEY `passages_actions_project_id_foreign` (`project_id`),
  CONSTRAINT `passages_actions_lead_id_foreign` FOREIGN KEY (`lead_id`) REFERENCES `leads` (`id`),
  CONSTRAINT `passages_actions_passage_id_foreign` FOREIGN KEY (`passage_id`) REFERENCES `passages` (`id`),
  CONSTRAINT `passages_actions_project_id_foreign` FOREIGN KEY (`project_id`) REFERENCES `projects` (`id`)
) ENGINE=InnoDB AUTO_INCREMENT=94 DEFAULT CHARSET=utf8mb4 COLLATE=utf8mb4_unicode_ci;

/*Data for the table `passages_actions` */

insert  into `passages_actions`(`id`,`passage_id`,`lead_id`,`project_id`,`type`,`options`,`start_at`,`end_at`,`status`,`error`,`created_at`,`updated_at`,`deleted_at`) values (45,47,4,7,'sms','{\"template_id\":4}','2019-01-11 10:00:00',NULL,'pending',NULL,'2019-01-10 05:13:54','2019-01-10 05:31:32','2019-01-10 05:31:32'),(46,47,4,7,'call','[]','2019-01-11 09:58:00',NULL,'pending',NULL,'2019-01-10 05:13:54','2019-01-10 05:31:32','2019-01-10 05:31:32'),(47,47,4,7,'call','[]','2019-01-12 03:00:00',NULL,'pending',NULL,'2019-01-10 05:13:54','2019-01-10 05:31:32','2019-01-10 05:31:32'),(48,54,4,7,'sms','{\"template_id\":4}','2019-01-11 10:00:00',NULL,'pending',NULL,'2019-01-10 05:34:47','2019-01-10 05:46:40','2019-01-10 05:46:40'),(49,54,4,7,'call','[]','2019-01-12 10:00:00',NULL,'pending',NULL,'2019-01-10 05:34:47','2019-01-10 05:46:40','2019-01-10 05:46:40'),(50,54,4,7,'call','[]','2019-01-12 03:00:00',NULL,'pending',NULL,'2019-01-10 05:34:47','2019-01-10 05:46:40','2019-01-10 05:46:40'),(51,60,4,7,'sms','{\"template_id\":4}','2019-01-11 10:00:00',NULL,'pending',NULL,'2019-01-10 05:57:32','2019-01-10 06:09:22','2019-01-10 06:09:22'),(52,60,4,7,'call','[]','2019-01-12 10:00:00',NULL,'pending',NULL,'2019-01-10 05:57:32','2019-01-10 06:09:22','2019-01-10 06:09:22'),(53,60,4,7,'call','[]','2019-01-14 01:00:00',NULL,'pending',NULL,'2019-01-10 05:57:32','2019-01-10 06:09:22','2019-01-10 06:09:22'),(54,61,4,7,'sms','{\"template_id\":4}','2019-01-11 10:00:00',NULL,'pending',NULL,'2019-01-10 06:09:22','2019-01-10 06:10:12','2019-01-10 06:10:12'),(55,61,4,7,'call','[]','2019-01-14 01:00:00',NULL,'pending',NULL,'2019-01-10 06:09:22','2019-01-10 06:10:12','2019-01-10 06:10:12'),(56,61,4,7,'call','[]','2019-01-14 01:00:00',NULL,'pending',NULL,'2019-01-10 06:09:23','2019-01-10 06:10:12','2019-01-10 06:10:12'),(57,62,4,7,'sms','{\"template_id\":4}','2019-01-11 10:00:00',NULL,'pending',NULL,'2019-01-10 06:10:12','2019-01-10 06:10:54','2019-01-10 06:10:54'),(58,62,4,7,'call','[]','2019-01-14 01:00:00',NULL,'pending',NULL,'2019-01-10 06:10:12','2019-01-10 06:10:54','2019-01-10 06:10:54'),(59,62,4,7,'call','[]','2019-01-14 01:00:00',NULL,'pending',NULL,'2019-01-10 06:10:12','2019-01-10 06:10:54','2019-01-10 06:10:54'),(60,63,4,7,'sms','{\"template_id\":4}','2019-01-11 03:00:00',NULL,'pending',NULL,'2019-01-10 06:10:54','2019-01-11 08:59:29','2019-01-11 08:59:29'),(61,63,4,7,'call','[]','2019-01-11 09:58:00',NULL,'in_progress',NULL,'2019-01-10 06:10:54','2019-01-11 09:02:44','2019-01-11 09:02:44'),(62,63,4,7,'call','[]','2019-01-14 01:00:00',NULL,'pending',NULL,'2019-01-10 06:10:54','2019-01-11 09:07:27','2019-01-11 09:07:27'),(63,64,4,7,'sms','{\"template_id\":4}','2019-01-14 01:00:00',NULL,'pending',NULL,'2019-01-11 09:11:09','2019-01-11 09:12:33','2019-01-11 09:12:33'),(64,65,4,7,'sms','{\"template_id\":4}','2019-01-14 01:00:00',NULL,'pending',NULL,'2019-01-11 09:12:33','2019-01-11 09:14:27','2019-01-11 09:14:27'),(65,66,4,7,'sms','{\"template_id\":4}','2019-01-14 01:00:00',NULL,'pending',NULL,'2019-01-11 09:14:40','2019-01-11 09:18:55','2019-01-11 09:18:55'),(66,67,4,7,'sms','{\"template_id\":4}','2019-01-14 01:00:00',NULL,'pending',NULL,'2019-01-11 09:19:38','2019-01-11 09:20:25','2019-01-11 09:20:25'),(67,68,4,7,'sms','{\"template_id\":4}','2019-01-14 01:00:00',NULL,'pending',NULL,'2019-01-11 09:20:25','2019-01-11 09:21:42','2019-01-11 09:21:42'),(68,68,4,7,'call','[]','2019-01-14 09:58:00',NULL,'pending',NULL,'2019-01-11 09:20:25','2019-01-11 09:21:42','2019-01-11 09:21:42'),(69,68,4,7,'call','[]','2019-01-14 01:00:00',NULL,'pending',NULL,'2019-01-11 09:20:25','2019-01-11 09:21:42','2019-01-11 09:21:42'),(70,69,4,7,'sms','{\"template_id\":4}','2019-01-14 01:00:00',NULL,'pending',NULL,'2019-01-11 09:21:42','2019-01-11 09:23:13','2019-01-11 09:23:13'),(71,69,4,7,'call','[]','2019-01-14 09:58:00',NULL,'pending',NULL,'2019-01-11 09:21:42','2019-01-11 09:23:13','2019-01-11 09:23:13'),(72,69,4,7,'call','[]','2019-01-14 01:00:00',NULL,'pending',NULL,'2019-01-11 09:21:42','2019-01-11 09:23:13','2019-01-11 09:23:13'),(73,70,4,7,'sms','{\"template_id\":4}','2019-01-14 01:00:00',NULL,'pending',NULL,'2019-01-11 09:23:13','2019-01-11 09:25:14','2019-01-11 09:25:14'),(74,70,4,7,'call','[]','2019-01-14 09:58:00',NULL,'pending',NULL,'2019-01-11 09:23:13','2019-01-11 09:25:14','2019-01-11 09:25:14'),(75,70,4,7,'call','[]','2019-01-14 01:00:00',NULL,'pending',NULL,'2019-01-11 09:23:14','2019-01-11 09:25:14','2019-01-11 09:25:14'),(76,71,4,7,'sms','{\"template_id\":4}','2019-01-14 01:00:00',NULL,'pending',NULL,'2019-01-11 09:25:14','2019-01-11 09:26:07','2019-01-11 09:26:07'),(77,71,4,7,'call','[]','2019-01-14 09:58:00',NULL,'pending',NULL,'2019-01-11 09:25:14','2019-01-11 09:26:32','2019-01-11 09:26:32'),(78,71,4,7,'call','[]','2019-01-14 01:00:00',NULL,'pending',NULL,'2019-01-11 09:25:15','2019-01-11 09:26:10','2019-01-11 09:26:10'),(79,72,4,7,'sms','{\"template_id\":4}','2019-01-14 01:00:00',NULL,'pending',NULL,'2019-01-11 09:27:22','2019-01-14 04:45:18','2019-01-14 04:45:18'),(80,72,4,7,'call','[]','2019-01-14 09:58:00',NULL,'pending',NULL,'2019-01-11 09:27:22','2019-01-14 04:45:18','2019-01-14 04:45:18'),(81,72,4,7,'call','[]','2019-01-14 01:00:00',NULL,'pending',NULL,'2019-01-11 09:27:22','2019-01-14 04:45:18','2019-01-14 04:45:18'),(82,73,4,7,'sms','{\"template_id\":4}','2019-01-15 02:00:00',NULL,'pending',NULL,'2019-01-14 04:45:18','2019-01-14 04:47:41','2019-01-14 04:47:41'),(83,73,4,7,'call','[]','2019-01-18 03:00:00',NULL,'pending',NULL,'2019-01-14 04:45:18','2019-01-14 04:47:41','2019-01-14 04:47:41'),(84,73,4,7,'call','[]','2019-01-18 03:00:00',NULL,'pending',NULL,'2019-01-14 04:45:18','2019-01-14 04:47:41','2019-01-14 04:47:41'),(85,74,4,7,'sms','{\"template_id\":4}','2019-01-15 02:00:00',NULL,'pending',NULL,'2019-01-14 04:47:41','2019-01-14 04:53:06','2019-01-14 04:53:06'),(86,74,4,7,'call','[]','2019-01-18 03:00:00',NULL,'pending',NULL,'2019-01-14 04:47:41','2019-01-14 04:53:06','2019-01-14 04:53:06'),(87,74,4,7,'call','[]','2019-01-18 03:00:00',NULL,'pending',NULL,'2019-01-14 04:47:41','2019-01-14 04:53:06','2019-01-14 04:53:06'),(88,75,4,7,'sms','{\"template_id\":4}','2019-01-15 02:00:00',NULL,'pending',NULL,'2019-01-14 04:53:06','2019-01-14 05:01:42','2019-01-14 05:01:42'),(89,75,4,7,'call','[]','2019-01-18 03:00:00',NULL,'pending',NULL,'2019-01-14 04:53:06','2019-01-14 05:01:42','2019-01-14 05:01:42'),(90,75,4,7,'call','[]','2019-01-18 03:00:00',NULL,'pending',NULL,'2019-01-14 04:53:06','2019-01-14 05:01:42','2019-01-14 05:01:42'),(91,76,4,7,'sms','{\"template_id\":4}','2019-01-15 02:00:00',NULL,'pending',NULL,'2019-01-14 05:01:43','2019-01-14 05:01:43',NULL),(92,76,4,7,'call','[]','2019-01-18 03:00:00',NULL,'pending',NULL,'2019-01-14 05:01:43','2019-01-14 05:01:43',NULL),(93,76,4,7,'call','[]','2019-01-18 03:00:00',NULL,'pending',NULL,'2019-01-14 05:01:43','2019-01-14 05:01:43',NULL);

/*Table structure for table `password_resets` */

DROP TABLE IF EXISTS `password_resets`;

CREATE TABLE `password_resets` (
  `email` varchar(191) COLLATE utf8mb4_unicode_ci NOT NULL,
  `token` varchar(191) COLLATE utf8mb4_unicode_ci NOT NULL,
  `created_at` timestamp NULL DEFAULT NULL,
  KEY `password_resets_email_index` (`email`)
) ENGINE=InnoDB DEFAULT CHARSET=utf8mb4 COLLATE=utf8mb4_unicode_ci;

/*Data for the table `password_resets` */

/*Table structure for table `permissions` */

DROP TABLE IF EXISTS `permissions`;

CREATE TABLE `permissions` (
  `id` int(10) unsigned NOT NULL AUTO_INCREMENT,
  `alias` varchar(191) COLLATE utf8mb4_unicode_ci NOT NULL,
  `name` varchar(191) COLLATE utf8mb4_unicode_ci NOT NULL,
  `created_at` timestamp NULL DEFAULT NULL,
  `updated_at` timestamp NULL DEFAULT NULL,
  PRIMARY KEY (`id`)
) ENGINE=InnoDB AUTO_INCREMENT=4 DEFAULT CHARSET=utf8mb4 COLLATE=utf8mb4_unicode_ci;

/*Data for the table `permissions` */

insert  into `permissions`(`id`,`alias`,`name`,`created_at`,`updated_at`) values (1,'send','','2018-12-26 11:21:27','2018-12-26 11:21:27'),(2,'get','','2018-12-26 11:21:27','2018-12-26 11:21:27'),(3,'api_access','  .','2018-12-26 11:21:27','2018-12-26 11:21:27');

/*Table structure for table `present_replies` */

DROP TABLE IF EXISTS `present_replies`;

CREATE TABLE `present_replies` (
  `id` int(10) unsigned NOT NULL AUTO_INCREMENT,
  `point` varchar(191) COLLATE utf8mb4_unicode_ci DEFAULT NULL,
  `text` varchar(191) COLLATE utf8mb4_unicode_ci NOT NULL,
  `menu_id` int(10) unsigned NOT NULL,
  `created_at` timestamp NULL DEFAULT NULL,
  `updated_at` timestamp NULL DEFAULT NULL,
  `deleted_at` timestamp NULL DEFAULT NULL,
  PRIMARY KEY (`id`),
  KEY `present_replies_menu_id_foreign` (`menu_id`),
  CONSTRAINT `present_replies_menu_id_foreign` FOREIGN KEY (`menu_id`) REFERENCES `menus` (`id`)
) ENGINE=InnoDB DEFAULT CHARSET=utf8mb4 COLLATE=utf8mb4_unicode_ci;

/*Data for the table `present_replies` */

/*Table structure for table `project_keys` */

DROP TABLE IF EXISTS `project_keys`;

CREATE TABLE `project_keys` (
  `id` int(10) unsigned NOT NULL AUTO_INCREMENT,
  `project_id` int(10) unsigned NOT NULL,
  `access_key` text COLLATE utf8mb4_unicode_ci NOT NULL,
  `inactive` tinyint(1) NOT NULL DEFAULT '0',
  `created_at` timestamp NULL DEFAULT NULL,
  `updated_at` timestamp NULL DEFAULT NULL,
  `deleted_at` timestamp NULL DEFAULT NULL,
  `user_id` int(10) unsigned DEFAULT NULL,
  PRIMARY KEY (`id`),
  KEY `project_keys_project_id_foreign` (`project_id`),
  KEY `project_keys_user_id_foreign` (`user_id`),
  CONSTRAINT `project_keys_project_id_foreign` FOREIGN KEY (`project_id`) REFERENCES `projects` (`id`),
  CONSTRAINT `project_keys_user_id_foreign` FOREIGN KEY (`user_id`) REFERENCES `users` (`id`)
) ENGINE=InnoDB AUTO_INCREMENT=5 DEFAULT CHARSET=utf8mb4 COLLATE=utf8mb4_unicode_ci;

/*Data for the table `project_keys` */

insert  into `project_keys`(`id`,`project_id`,`access_key`,`inactive`,`created_at`,`updated_at`,`deleted_at`,`user_id`) values (1,1,'264b06a2-f3cb-11e8-837c-08002739d11e',1,'2018-11-29 11:37:28','2018-12-12 06:02:48',NULL,1),(2,1,'26f374ea-f3cb-11e8-bfc5-08002739d11e',0,'2018-11-29 11:37:29','2018-11-29 11:37:34','2018-11-29 11:37:34',1),(3,7,'dd25f476-08fd-11e9-9949-0800274c42e0',1,'2018-12-26 11:03:24','2019-01-24 10:20:52','2019-01-24 10:20:52',1),(4,9,'c019aab2-1fc3-11e9-9091-00ffc2ec2c81',0,'2019-01-24 10:35:21','2019-01-24 10:35:21',NULL,1);

/*Table structure for table `project_messengers` */

DROP TABLE IF EXISTS `project_messengers`;

CREATE TABLE `project_messengers` (
  `id` int(10) unsigned NOT NULL AUTO_INCREMENT,
  `project_id` int(10) unsigned NOT NULL,
  `gateway_id` int(10) unsigned DEFAULT NULL,
  `permission_id` int(10) unsigned DEFAULT NULL,
  `created_at` timestamp NULL DEFAULT NULL,
  `updated_at` timestamp NULL DEFAULT NULL,
  `deleted_at` timestamp NULL DEFAULT NULL,
  PRIMARY KEY (`id`),
  KEY `project_messengers_project_id_foreign` (`project_id`),
  KEY `project_messengers_permission_id_foreign` (`permission_id`),
  KEY `project_messengers_gateway_id_foreign` (`gateway_id`),
  CONSTRAINT `project_messengers_gateway_id_foreign` FOREIGN KEY (`gateway_id`) REFERENCES `gateways` (`id`),
  CONSTRAINT `project_messengers_permission_id_foreign` FOREIGN KEY (`permission_id`) REFERENCES `permissions` (`id`),
  CONSTRAINT `project_messengers_project_id_foreign` FOREIGN KEY (`project_id`) REFERENCES `projects` (`id`)
) ENGINE=InnoDB AUTO_INCREMENT=18 DEFAULT CHARSET=utf8mb4 COLLATE=utf8mb4_unicode_ci;

/*Data for the table `project_messengers` */

insert  into `project_messengers`(`id`,`project_id`,`gateway_id`,`permission_id`,`created_at`,`updated_at`,`deleted_at`) values (1,1,NULL,NULL,'2018-11-29 11:37:23','2018-11-29 11:37:23',NULL),(2,2,NULL,NULL,'2018-12-12 04:31:36','2018-12-12 04:31:36',NULL),(3,4,2,NULL,'2018-12-12 07:01:57','2018-12-12 07:01:57',NULL),(5,6,2,NULL,'2018-12-12 07:23:46','2018-12-12 07:23:46',NULL),(6,7,2,NULL,'2018-12-13 04:31:54','2018-12-26 11:22:13','2018-12-26 11:22:13'),(7,7,2,1,'2018-12-26 11:22:13','2019-01-24 10:20:56','2019-01-24 10:20:56'),(8,9,5,1,'2019-01-24 10:25:39','2019-01-24 10:25:39',NULL),(12,9,7,1,'2019-01-25 11:40:40','2019-01-25 11:40:40',NULL),(13,9,6,1,'2019-01-25 11:40:40','2019-01-25 11:40:40',NULL),(14,9,4,1,'2019-01-25 11:40:40','2019-01-25 11:40:40',NULL),(15,9,3,1,'2019-01-25 11:40:40','2019-01-25 11:40:40',NULL),(16,9,2,1,'2019-01-25 11:40:40','2019-01-25 11:40:40',NULL),(17,9,1,1,'2019-01-25 11:40:40','2019-01-25 11:40:40',NULL);

/*Table structure for table `project_office_phones` */

DROP TABLE IF EXISTS `project_office_phones`;

CREATE TABLE `project_office_phones` (
  `id` int(10) unsigned NOT NULL AUTO_INCREMENT,
  `phone` varchar(255) COLLATE utf8mb4_unicode_ci NOT NULL,
  `extra` varchar(255) COLLATE utf8mb4_unicode_ci DEFAULT NULL,
  `project_id` int(10) unsigned NOT NULL,
  `deleted_at` timestamp NULL DEFAULT NULL,
  `created_at` timestamp NULL DEFAULT NULL,
  `updated_at` timestamp NULL DEFAULT NULL,
  PRIMARY KEY (`id`),
  KEY `project_office_phones_project_id_foreign` (`project_id`),
  CONSTRAINT `project_office_phones_project_id_foreign` FOREIGN KEY (`project_id`) REFERENCES `projects` (`id`)
) ENGINE=InnoDB AUTO_INCREMENT=3 DEFAULT CHARSET=utf8mb4 COLLATE=utf8mb4_unicode_ci;

/*Data for the table `project_office_phones` */

insert  into `project_office_phones`(`id`,`phone`,`extra`,`project_id`,`deleted_at`,`created_at`,`updated_at`) values (1,'42342342','121',7,NULL,'2018-12-18 08:38:10','2018-12-18 08:46:14'),(2,'123123123',NULL,7,'2018-12-18 08:48:57','2018-12-18 08:48:44','2018-12-18 08:48:57');

/*Table structure for table `projects` */

DROP TABLE IF EXISTS `projects`;

CREATE TABLE `projects` (
  `id` int(10) unsigned NOT NULL AUTO_INCREMENT,
  `name` varchar(255) COLLATE utf8mb4_unicode_ci NOT NULL,
  `web_site` varchar(255) COLLATE utf8mb4_unicode_ci DEFAULT NULL,
  `client_id` int(10) unsigned NOT NULL,
  `timezone` varchar(255) COLLATE utf8mb4_unicode_ci DEFAULT NULL,
  `created_at` timestamp NULL DEFAULT NULL,
  `updated_at` timestamp NULL DEFAULT NULL,
  `deleted_at` timestamp NULL DEFAULT NULL,
  PRIMARY KEY (`id`),
  KEY `projects_client_id_foreign` (`client_id`),
  CONSTRAINT `projects_client_id_foreign` FOREIGN KEY (`client_id`) REFERENCES `users` (`id`)
) ENGINE=InnoDB AUTO_INCREMENT=10 DEFAULT CHARSET=utf8mb4 COLLATE=utf8mb4_unicode_ci;

/*Data for the table `projects` */

insert  into `projects`(`id`,`name`,`web_site`,`client_id`,`timezone`,`created_at`,`updated_at`,`deleted_at`) values (1,'','https://www.google.ru',1,'','2018-11-29 11:37:22','2018-11-29 11:37:22','2018-12-26 14:06:00'),(2,'ddddddd','http://ddddd.ddd',1,'','2018-12-12 04:31:35','2018-12-12 04:31:35','2018-12-26 14:06:02'),(3,'dwadawdawdaw','http://dwadwa.rdwa',1,'','2018-12-12 05:59:12','2018-12-12 05:59:12','2018-12-26 14:06:03'),(4,'xdawda','http://dawdada.dawdwa',1,'','2018-12-12 07:01:57','2018-12-12 07:01:57','2018-12-26 14:06:04'),(6,'dawdawdawdaw','http://dawdwa.ru',1,'','2018-12-12 07:23:46','2018-12-12 07:23:46','2018-12-26 14:06:05'),(7,'dawdwddd','http://dwadwadwa.dawdaw',1,'Europe/Guernsey','2018-12-13 04:31:54','2018-12-18 07:34:07',NULL),(8,'dawdawdaw','http://www.example.com',1,NULL,'2018-12-18 06:18:19','2019-01-24 10:20:45','2019-01-24 10:20:45'),(9,'SafeBox','https://safe-box.ru',1,NULL,'2019-01-24 10:25:39','2019-01-24 10:25:39',NULL);

/*Table structure for table `receivers` */

DROP TABLE IF EXISTS `receivers`;

CREATE TABLE `receivers` (
  `id` int(10) unsigned NOT NULL AUTO_INCREMENT,
  `name` varchar(191) COLLATE utf8mb4_unicode_ci NOT NULL,
  `description` varchar(191) COLLATE utf8mb4_unicode_ci DEFAULT NULL,
  `created_at` timestamp NULL DEFAULT NULL,
  `updated_at` timestamp NULL DEFAULT NULL,
  `deleted_at` timestamp NULL DEFAULT NULL,
  `project_id` int(10) unsigned NOT NULL,
  PRIMARY KEY (`id`),
  KEY `receivers_project_id_foreign` (`project_id`),
  CONSTRAINT `receivers_project_id_foreign` FOREIGN KEY (`project_id`) REFERENCES `projects` (`id`)
) ENGINE=InnoDB AUTO_INCREMENT=3 DEFAULT CHARSET=utf8mb4 COLLATE=utf8mb4_unicode_ci;

/*Data for the table `receivers` */

insert  into `receivers`(`id`,`name`,`description`,`created_at`,`updated_at`,`deleted_at`,`project_id`) values (1,'Arb','dddd',NULL,NULL,'2018-12-26 14:07:19',1),(2,'dwadawda','dawdawdawdawdaw daw daw daw','2018-12-26 11:07:31','2019-01-24 10:21:28','2019-01-24 10:21:28',7);

/*Table structure for table `roles` */

DROP TABLE IF EXISTS `roles`;

CREATE TABLE `roles` (
  `id` int(10) unsigned NOT NULL AUTO_INCREMENT,
  `name` varchar(191) COLLATE utf8mb4_unicode_ci NOT NULL,
  `description` varchar(191) COLLATE utf8mb4_unicode_ci DEFAULT NULL,
  `created_at` timestamp NULL DEFAULT NULL,
  `updated_at` timestamp NULL DEFAULT NULL,
  PRIMARY KEY (`id`)
) ENGINE=InnoDB AUTO_INCREMENT=4 DEFAULT CHARSET=utf8mb4 COLLATE=utf8mb4_unicode_ci;

/*Data for the table `roles` */

insert  into `roles`(`id`,`name`,`description`,`created_at`,`updated_at`) values (1,'admin','A Admin User',NULL,NULL),(2,'manager','A Manager User',NULL,NULL),(3,'client','for testing','2018-10-02 10:55:50','2018-11-30 06:46:52');

/*Table structure for table `sequences` */

DROP TABLE IF EXISTS `sequences`;

CREATE TABLE `sequences` (
  `id` int(10) unsigned NOT NULL AUTO_INCREMENT,
  `name` varchar(255) COLLATE utf8mb4_unicode_ci NOT NULL,
  `api_alias` varchar(255) COLLATE utf8mb4_unicode_ci NOT NULL,
  `project_id` int(10) unsigned NOT NULL,
  `by_default` tinyint(1) DEFAULT NULL,
  `for_nonworking_time` tinyint(1) DEFAULT NULL,
  `created_at` timestamp NULL DEFAULT NULL,
  `updated_at` timestamp NULL DEFAULT NULL,
  `deleted_at` timestamp NULL DEFAULT NULL,
  `options` text COLLATE utf8mb4_unicode_ci NOT NULL,
  PRIMARY KEY (`id`),
  KEY `sequences_project_id_foreign` (`project_id`),
  CONSTRAINT `sequences_project_id_foreign` FOREIGN KEY (`project_id`) REFERENCES `projects` (`id`)
) ENGINE=InnoDB AUTO_INCREMENT=6 DEFAULT CHARSET=utf8mb4 COLLATE=utf8mb4_unicode_ci;

/*Data for the table `sequences` */

insert  into `sequences`(`id`,`name`,`api_alias`,`project_id`,`by_default`,`for_nonworking_time`,`created_at`,`updated_at`,`deleted_at`,`options`) values (1,'dawdawdaw','dawdadawdaw',1,1,NULL,'2018-11-30 08:03:07','2018-12-05 17:00:37','2018-12-13 07:42:57','{\"tasks\": [{\"icon\": \"far fa-comment\", \"type\": \"sms\", \"wait\": {\"to\": \"9\", \"from\": \"6\", \"type\": \"min\"}, \"title\": \"SMS\", \"options\": []}, {\"icon\": \"fa fa-phone\", \"type\": \"call\", \"wait\": [], \"title\": \"\", \"options\": {\"name\": \"32145\"}}]}'),(2,'dawdawdaw','adadawdaw',1,1,1,'2018-11-30 08:07:17','2018-11-30 09:04:49','2018-11-30 09:04:49','null'),(3,'testest','testest',1,1,1,'2018-12-03 13:14:21','2018-12-03 13:15:44','2018-12-13 07:42:58','{\"tasks\": [{\"icon\": \"fa-facebook\", \"title\": \"\"}, {\"icon\": \"fa-facebook\", \"title\": \"\"}, {\"icon\": \"fa-facebook\", \"title\": \"\"}, {\"icon\": \"fa-facebook\", \"title\": \"\"}, {\"icon\": \"fa-facebook\", \"title\": \"\"}]}'),(4,'daaaaaaa','daaaaaa',1,0,1,'2018-12-03 13:16:14','2018-12-03 13:16:14',NULL,'{\"tasks\": [{\"icon\": \"fa-phone\", \"title\": \"\"}, {\"icon\": \"fa-phone\", \"title\": \"\"}, {\"icon\": \"fa-phone\", \"title\": \"\"}, {\"icon\": \"fa-phone\", \"title\": \"\"}]}'),(5,'Example','example-test',7,1,NULL,'2018-12-19 04:24:15','2019-01-10 04:33:34',NULL,'{\"tasks\": [{\"icon\": \"fa fa-calendar-o\", \"type\": \"day\", \"wait\": null, \"index\": 1, \"title\": \"\", \"options\": []}, {\"icon\": \"far fa-comment\", \"type\": \"sms\", \"wait\": null, \"index\": 1, \"title\": \"SMS\", \"options\": {\"template_id\": 4}}, {\"icon\": \"fa fa-phone\", \"type\": \"call\", \"wait\": \"9:58\", \"index\": 1, \"title\": \"\", \"options\": []}, {\"icon\": \"fa fa-calendar-o\", \"type\": \"day\", \"wait\": null, \"index\": 2, \"title\": \"\", \"options\": []}, {\"icon\": \"fa fa-phone\", \"type\": \"call\", \"wait\": null, \"index\": 2, \"title\": \"\", \"options\": []}]}');

/*Table structure for table `sidebar_nav_has_roles` */

DROP TABLE IF EXISTS `sidebar_nav_has_roles`;

CREATE TABLE `sidebar_nav_has_roles` (
  `id` int(10) unsigned NOT NULL AUTO_INCREMENT,
  `sidebar_nav_id` int(10) unsigned NOT NULL,
  `role_id` int(10) unsigned NOT NULL,
  `created_at` timestamp NULL DEFAULT NULL,
  `updated_at` timestamp NULL DEFAULT NULL,
  PRIMARY KEY (`id`),
  KEY `sidebar_nav_has_roles_sidebar_nav_id_foreign` (`sidebar_nav_id`),
  KEY `sidebar_nav_has_roles_role_id_foreign` (`role_id`),
  CONSTRAINT `sidebar_nav_has_roles_role_id_foreign` FOREIGN KEY (`role_id`) REFERENCES `roles` (`id`),
  CONSTRAINT `sidebar_nav_has_roles_sidebar_nav_id_foreign` FOREIGN KEY (`sidebar_nav_id`) REFERENCES `sidebar_navs` (`id`)
) ENGINE=InnoDB DEFAULT CHARSET=utf8mb4 COLLATE=utf8mb4_unicode_ci;

/*Data for the table `sidebar_nav_has_roles` */

/*Table structure for table `sidebar_navs` */

DROP TABLE IF EXISTS `sidebar_navs`;

CREATE TABLE `sidebar_navs` (
  `id` int(10) unsigned NOT NULL AUTO_INCREMENT,
  `path` varchar(255) COLLATE utf8mb4_unicode_ci NOT NULL,
  `name` varchar(255) COLLATE utf8mb4_unicode_ci NOT NULL,
  `created_at` timestamp NULL DEFAULT NULL,
  `updated_at` timestamp NULL DEFAULT NULL,
  `label` varchar(255) COLLATE utf8mb4_unicode_ci NOT NULL,
  PRIMARY KEY (`id`)
) ENGINE=InnoDB DEFAULT CHARSET=utf8mb4 COLLATE=utf8mb4_unicode_ci;

/*Data for the table `sidebar_navs` */

/*Table structure for table `templates` */

DROP TABLE IF EXISTS `templates`;

CREATE TABLE `templates` (
  `id` int(10) unsigned NOT NULL AUTO_INCREMENT,
  `country` varchar(191) COLLATE utf8mb4_unicode_ci DEFAULT NULL,
  `name` varchar(191) COLLATE utf8mb4_unicode_ci DEFAULT NULL,
  `event_id` int(10) unsigned NOT NULL,
  `receiver_id` int(10) unsigned NOT NULL,
  `payment_type` varchar(191) COLLATE utf8mb4_unicode_ci DEFAULT NULL,
  `text` text COLLATE utf8mb4_unicode_ci,
  `menu_id` int(10) unsigned DEFAULT NULL,
  `created_at` timestamp NULL DEFAULT NULL,
  `updated_at` timestamp NULL DEFAULT NULL,
  `deleted_at` timestamp NULL DEFAULT NULL,
  `project_id` int(10) unsigned NOT NULL,
  PRIMARY KEY (`id`),
  KEY `templates_event_id_foreign` (`event_id`),
  KEY `templates_receiver_id_foreign` (`receiver_id`),
  KEY `templates_menu_id_foreign` (`menu_id`),
  KEY `templates_project_id_foreign` (`project_id`),
  CONSTRAINT `templates_event_id_foreign` FOREIGN KEY (`event_id`) REFERENCES `events` (`id`),
  CONSTRAINT `templates_menu_id_foreign` FOREIGN KEY (`menu_id`) REFERENCES `menus` (`id`),
  CONSTRAINT `templates_project_id_foreign` FOREIGN KEY (`project_id`) REFERENCES `projects` (`id`),
  CONSTRAINT `templates_receiver_id_foreign` FOREIGN KEY (`receiver_id`) REFERENCES `receivers` (`id`)
) ENGINE=InnoDB AUTO_INCREMENT=7 DEFAULT CHARSET=utf8mb4 COLLATE=utf8mb4_unicode_ci;

/*Data for the table `templates` */

insert  into `templates`(`id`,`country`,`name`,`event_id`,`receiver_id`,`payment_type`,`text`,`menu_id`,`created_at`,`updated_at`,`deleted_at`,`project_id`) values (1,'ru_RU','12312312',1,1,NULL,'dawdwadaw',NULL,'2018-12-05 06:07:16','2018-12-05 06:08:39','2018-12-26 14:08:07',1),(2,'ru_RU','222222',1,1,NULL,'dddddddddddddddddddddd',NULL,'2018-12-06 04:43:31','2018-12-06 04:43:31','2018-12-26 14:08:08',1),(3,'ru_RU','dawdawdawwa',1,2,NULL,'dawdawdaw{adaw}',NULL,'2018-12-26 11:08:32','2018-12-26 11:31:02','2018-12-26 11:31:02',7),(4,'ru_RU','',1,2,NULL,'   ',NULL,'2018-12-26 11:30:48','2019-01-17 05:33:14',NULL,7),(5,'ru_RU',' -  ',1,2,NULL,'',NULL,'2019-01-17 06:50:52','2019-01-17 06:50:52',NULL,7),(6,'ru_RU',' -  ',1,2,NULL,' ,  ',1,'2019-01-17 06:52:20','2019-01-17 06:52:20',NULL,7);

/*Table structure for table `users` */

DROP TABLE IF EXISTS `users`;

CREATE TABLE `users` (
  `id` int(10) unsigned NOT NULL AUTO_INCREMENT,
  `username` varchar(191) COLLATE utf8mb4_unicode_ci NOT NULL,
  `first_name` varchar(191) COLLATE utf8mb4_unicode_ci NOT NULL,
  `last_name` varchar(191) COLLATE utf8mb4_unicode_ci DEFAULT NULL,
  `father_name` varchar(191) COLLATE utf8mb4_unicode_ci DEFAULT NULL,
  `phone` varchar(191) COLLATE utf8mb4_unicode_ci DEFAULT NULL,
  `email` varchar(191) COLLATE utf8mb4_unicode_ci NOT NULL,
  `email_verified_at` timestamp NULL DEFAULT NULL,
  `password` varchar(191) COLLATE utf8mb4_unicode_ci NOT NULL,
  `remember_token` varchar(100) COLLATE utf8mb4_unicode_ci DEFAULT NULL,
  `created_at` timestamp NULL DEFAULT NULL,
  `updated_at` timestamp NULL DEFAULT NULL,
  `role_id` int(10) unsigned DEFAULT NULL,
  `parent_id` int(10) unsigned DEFAULT NULL,
  `deleted_at` timestamp NULL DEFAULT NULL,
  PRIMARY KEY (`id`),
  UNIQUE KEY `users_username_unique` (`username`),
  UNIQUE KEY `users_email_unique` (`email`),
  KEY `users_role_id_foreign` (`role_id`),
  KEY `users_parent_id_foreign` (`parent_id`),
  CONSTRAINT `users_parent_id_foreign` FOREIGN KEY (`parent_id`) REFERENCES `users` (`id`),
  CONSTRAINT `users_role_id_foreign` FOREIGN KEY (`role_id`) REFERENCES `roles` (`id`)
) ENGINE=InnoDB AUTO_INCREMENT=5 DEFAULT CHARSET=utf8mb4 COLLATE=utf8mb4_unicode_ci;

/*Data for the table `users` */

insert  into `users`(`id`,`username`,`first_name`,`last_name`,`father_name`,`phone`,`email`,`email_verified_at`,`password`,`remember_token`,`created_at`,`updated_at`,`role_id`,`parent_id`,`deleted_at`) values (1,'superadmin','super admin',NULL,NULL,NULL,'admin@test.com',NULL,'$2y$10$8mSgldho8iSjORLwxO.ef.4RFHXLU4sAo8xsimJ1G.Tbnu9pq7FNa',NULL,'2018-09-28 06:46:59','2018-09-28 06:46:59',1,NULL,NULL),(3,'testtest','name1','Last','father',NULL,'test@email.com',NULL,'$2y$10$d1Fq7C7aUUh7JChXj35HJerLdnTqDjMlaMR26MZhzrWjtuIpbUTS.',NULL,'2018-10-04 05:20:48','2018-10-04 05:20:48',2,NULL,NULL),(4,' ','123','','dwdaw','','',NULL,'$2y$10$nIpYIOZJmSzEWsEpxX8XGOYxOfBlM7hKhQItKlJDviAUew.6DqtGe',NULL,'2018-12-10 06:36:34','2018-12-10 06:36:34',2,1,NULL);

/*Table structure for table `users_chat_info` */

DROP TABLE IF EXISTS `users_chat_info`;

CREATE TABLE `users_chat_info` (
  `id` int(10) unsigned NOT NULL AUTO_INCREMENT,
  `project_id` int(10) unsigned DEFAULT NULL,
  `chat_id` text COLLATE utf8mb4_unicode_ci,
  `bot_id` text COLLATE utf8mb4_unicode_ci,
  `user` text COLLATE utf8mb4_unicode_ci,
  `bot` text COLLATE utf8mb4_unicode_ci,
  `channel` enum('telegram','viber','whatsapp','vk','fb') COLLATE utf8mb4_unicode_ci DEFAULT NULL,
  `created_at` timestamp NULL DEFAULT NULL,
  `updated_at` timestamp NULL DEFAULT NULL,
  PRIMARY KEY (`id`),
  KEY `users_chat_info_project_id_foreign` (`project_id`),
  CONSTRAINT `users_chat_info_project_id_foreign` FOREIGN KEY (`project_id`) REFERENCES `projects` (`id`)
) ENGINE=InnoDB AUTO_INCREMENT=2 DEFAULT CHARSET=utf8mb4 COLLATE=utf8mb4_unicode_ci;

/*Data for the table `users_chat_info` */

insert  into `users_chat_info`(`id`,`project_id`,`chat_id`,`bot_id`,`user`,`bot`,`channel`,`created_at`,`updated_at`) values (1,9,'436803671','webkolghoz_bot','{\"message_id\":2422,\"from\":{\"id\":436803671,\"is_bot\":false,\"first_name\":\"Akop\",\"last_name\":\"Kyurkchyan\",\"username\":\"akopkyurkchyan\",\"language_code\":\"en\"},\"chat\":{\"id\":436803671,\"first_name\":\"Akop\",\"last_name\":\"Kyurkchyan\",\"username\":\"akopkyurkchyan\",\"type\":\"private\"},\"date\":1548325888,\"text\":\"\\/start\",\"entities\":[{\"offset\":0,\"length\":6,\"type\":\"bot_command\"}]}','{\"id\":594949732,\"is_bot\":true,\"first_name\":\"kolghozi_naghagah\",\"username\":\"webkolghoz_bot\"}','telegram','2019-01-24 10:31:30','2019-01-24 10:31:30');

/*Table structure for table `week_days` */

DROP TABLE IF EXISTS `week_days`;

CREATE TABLE `week_days` (
  `id` int(10) unsigned NOT NULL AUTO_INCREMENT,
  `title` varchar(255) COLLATE utf8mb4_unicode_ci NOT NULL,
  `project_id` int(10) unsigned NOT NULL,
  `from` varchar(255) COLLATE utf8mb4_unicode_ci DEFAULT NULL,
  `to` varchar(255) COLLATE utf8mb4_unicode_ci DEFAULT NULL,
  `order` int(11) NOT NULL,
  `enabled` tinyint(1) NOT NULL DEFAULT '0',
  `deleted_at` timestamp NULL DEFAULT NULL,
  `created_at` timestamp NULL DEFAULT NULL,
  `updated_at` timestamp NULL DEFAULT NULL,
  PRIMARY KEY (`id`),
  KEY `week_days_project_id_foreign` (`project_id`),
  CONSTRAINT `week_days_project_id_foreign` FOREIGN KEY (`project_id`) REFERENCES `projects` (`id`)
) ENGINE=InnoDB AUTO_INCREMENT=15 DEFAULT CHARSET=utf8mb4 COLLATE=utf8mb4_unicode_ci;

/*Data for the table `week_days` */

insert  into `week_days`(`id`,`title`,`project_id`,`from`,`to`,`order`,`enabled`,`deleted_at`,`created_at`,`updated_at`) values (1,'',7,'1:00','20:00',1,1,NULL,'2018-12-14 08:19:35','2019-01-10 06:10:07'),(2,'',7,'2:00','4:00',2,1,NULL,'2018-12-14 08:19:35','2018-12-14 08:19:35'),(3,'',7,'1:00','4:00',3,0,NULL,'2018-12-14 08:19:35','2018-12-18 06:05:00'),(4,'',7,'4:00','5:00',4,0,NULL,'2018-12-14 08:19:35','2018-12-18 07:33:20'),(5,'',7,'3:00','22:00',5,1,NULL,'2018-12-14 08:19:35','2019-01-10 06:10:48'),(6,'',7,'3:00','4:00',6,0,NULL,'2018-12-14 08:19:35','2018-12-18 08:58:04'),(7,'',7,'20:00','22:00',7,0,NULL,'2018-12-14 08:19:35','2018-12-18 08:58:04'),(8,'',8,'1:00','3:00',1,1,'2019-01-24 10:20:45','2018-12-18 06:58:42','2019-01-24 10:20:45'),(9,'',8,'1:00','3:00',2,1,'2019-01-24 10:20:45','2018-12-18 06:58:42','2019-01-24 10:20:45'),(10,'',8,'3:00','5:00',3,1,'2019-01-24 10:20:45','2018-12-18 07:02:24','2019-01-24 10:20:45'),(11,'',8,'2:00','5:00',4,1,'2019-01-24 10:20:45','2018-12-18 07:02:24','2019-01-24 10:20:45'),(12,'',8,NULL,NULL,5,0,'2019-01-24 10:20:45','2018-12-18 07:02:24','2019-01-24 10:20:45'),(13,'',8,NULL,NULL,6,0,'2019-01-24 10:20:45','2018-12-18 07:02:24','2019-01-24 10:20:45'),(14,'',8,NULL,NULL,7,0,'2019-01-24 10:20:45','2018-12-18 07:02:24','2019-01-24 10:20:45');

/*!40101 SET SQL_MODE=@OLD_SQL_MODE */;
/*!40014 SET FOREIGN_KEY_CHECKS=@OLD_FOREIGN_KEY_CHECKS */;
/*!40014 SET UNIQUE_CHECKS=@OLD_UNIQUE_CHECKS */;
/*!40111 SET SQL_NOTES=@OLD_SQL_NOTES */;
